property_code,title,price,description,image_filename,image_path,image_url
LC90692,ให้เช่าคอนโดหรูในทองหล่อ I THE ESSE SUKHUMVIT 36,"ราคาเช่า: ฿ 190,000 / เดือน","★ THE ESSE SUKHUMVIT 36 ★

ความเงียบสงบและความหรูหราของที่พักอาศัยแห่งนี้แตกต่างจากชีวิตในเมืองที่คึกคักภายนอก ที่นี่เป็นเสมือนที่หลบหนีจากชีวิตในเมืองที่วุ่นวายและมาพักผ่อนที่ที่คุณจะได้เป็นตัวของตัวเองอย่างแท้จริง

-----------------------------------------------

ราคาเช่า: 190,000 บาท/เดือน

-----------------------------------------------

ข้อมูลเพิ่มเติม
- 3 ห้องนอน
- 3 ห้องน้ำ
- ชั้น 37
- 124 ตร.ม. - เฟอร์นิเจอร์ครบชุด

---------------------------------------------------------

สถานที่ใกล้เคียง
- BTS ทองหล่อ
- เจ อเวนิว
- โรงเรียนนานาชาติทรินิตี้
- โรงพยาบาลสมิติเวช สุขุมวิท

---------------------------------------------------------

สิ่งอำนวยความสะดวก
- รปภ. 24 ชม.
- สระว่ายน้ำ
- ห้องออกกำลังกาย

---------------------------------------------------------

For more information and viewing please contact (TH/EN)

Andre 🤵🏻
แสดงเบอร์โทรศัพท์


Misa 🤵🏻‍♀️
แสดงเบอร์โทรศัพท์


Email: สอบถามรายละเอียด


-----------------------------------------------
#Bangkok #Thailand #Rental #Thonglor #ForRent #Rent #BestDeal #TheEsse #Sukhumvit36",LC90692_01.jpg,images\LC90692\LC90692_01.jpg,https://pix.dotproperty.co.th/eyJidWNrZXQiOiJwcmQtbGlmdWxsY29ubmVjdC1iYWNrZW5kLWIyYi1pbWFnZXMiLCJrZXkiOiJwcm9wZXJ0aWVzLzAxOTM3MzFhLWQ0NGMtNzY2ZS1hNTVmLTk1ZDFkZjliNzIzZC8wMTk1NDU4Zi01NmI2LTcxNmMtOWQwOS1iMmY1NWVkYzQyMjYuanBnIiwiYnJhbmQiOiJkb3Rwcm9wZXJ0eSIsImVkaXRzIjp7InJvdGF0ZSI6bnVsbCwicmVzaXplIjp7IndpZHRoIjo0OTAsImhlaWdodCI6MzI1LCJmaXQiOiJjb3ZlciJ9fX0=
LC90692,ให้เช่าคอนโดหรูในทองหล่อ I THE ESSE SUKHUMVIT 36,"ราคาเช่า: ฿ 190,000 / เดือน","★ THE ESSE SUKHUMVIT 36 ★

ความเงียบสงบและความหรูหราของที่พักอาศัยแห่งนี้แตกต่างจากชีวิตในเมืองที่คึกคักภายนอก ที่นี่เป็นเสมือนที่หลบหนีจากชีวิตในเมืองที่วุ่นวายและมาพักผ่อนที่ที่คุณจะได้เป็นตัวของตัวเองอย่างแท้จริง

-----------------------------------------------

ราคาเช่า: 190,000 บาท/เดือน

-----------------------------------------------

ข้อมูลเพิ่มเติม
- 3 ห้องนอน
- 3 ห้องน้ำ
- ชั้น 37
- 124 ตร.ม. - เฟอร์นิเจอร์ครบชุด

---------------------------------------------------------

สถานที่ใกล้เคียง
- BTS ทองหล่อ
- เจ อเวนิว
- โรงเรียนนานาชาติทรินิตี้
- โรงพยาบาลสมิติเวช สุขุมวิท

---------------------------------------------------------

สิ่งอำนวยความสะดวก
- รปภ. 24 ชม.
- สระว่ายน้ำ
- ห้องออกกำลังกาย

---------------------------------------------------------

For more information and viewing please contact (TH/EN)

Andre 🤵🏻
แสดงเบอร์โทรศัพท์


Misa 🤵🏻‍♀️
แสดงเบอร์โทรศัพท์


Email: สอบถามรายละเอียด


-----------------------------------------------
#Bangkok #Thailand #Rental #Thonglor #ForRent #Rent #BestDeal #TheEsse #Sukhumvit36",LC90692_02.jpg,images\LC90692\LC90692_02.jpg,https://pix.dotproperty.co.th/eyJidWNrZXQiOiJwcmQtbGlmdWxsY29ubmVjdC1iYWNrZW5kLWIyYi1pbWFnZXMiLCJrZXkiOiJwcm9wZXJ0aWVzLzAxOTM3MzFhLWQ0NGMtNzY2ZS1hNTVmLTk1ZDFkZjliNzIzZC8wMTk1NDU4Zi01N2M5LTczMWQtOGM2MS1kZDJlYTZkMjQzNjkuanBnIiwiYnJhbmQiOiJkb3Rwcm9wZXJ0eSIsImVkaXRzIjp7InJvdGF0ZSI6bnVsbCwicmVzaXplIjp7IndpZHRoIjoyNzUsImhlaWdodCI6MTU1LCJmaXQiOiJjb3ZlciJ9fX0=
LC90692,ให้เช่าคอนโดหรูในทองหล่อ I THE ESSE SUKHUMVIT 36,"ราคาเช่า: ฿ 190,000 / เดือน","★ THE ESSE SUKHUMVIT 36 ★

ความเงียบสงบและความหรูหราของที่พักอาศัยแห่งนี้แตกต่างจากชีวิตในเมืองที่คึกคักภายนอก ที่นี่เป็นเสมือนที่หลบหนีจากชีวิตในเมืองที่วุ่นวายและมาพักผ่อนที่ที่คุณจะได้เป็นตัวของตัวเองอย่างแท้จริง

-----------------------------------------------

ราคาเช่า: 190,000 บาท/เดือน

-----------------------------------------------

ข้อมูลเพิ่มเติม
- 3 ห้องนอน
- 3 ห้องน้ำ
- ชั้น 37
- 124 ตร.ม. - เฟอร์นิเจอร์ครบชุด

---------------------------------------------------------

สถานที่ใกล้เคียง
- BTS ทองหล่อ
- เจ อเวนิว
- โรงเรียนนานาชาติทรินิตี้
- โรงพยาบาลสมิติเวช สุขุมวิท

---------------------------------------------------------

สิ่งอำนวยความสะดวก
- รปภ. 24 ชม.
- สระว่ายน้ำ
- ห้องออกกำลังกาย

---------------------------------------------------------

For more information and viewing please contact (TH/EN)

Andre 🤵🏻
แสดงเบอร์โทรศัพท์


Misa 🤵🏻‍♀️
แสดงเบอร์โทรศัพท์


Email: สอบถามรายละเอียด


-----------------------------------------------
#Bangkok #Thailand #Rental #Thonglor #ForRent #Rent #BestDeal #TheEsse #Sukhumvit36",LC90692_03.jpg,images\LC90692\LC90692_03.jpg,https://pix.dotproperty.co.th/eyJidWNrZXQiOiJwcmQtbGlmdWxsY29ubmVjdC1iYWNrZW5kLWIyYi1pbWFnZXMiLCJrZXkiOiJwcm9wZXJ0aWVzLzAxOTM3MzFhLWQ0NGMtNzY2ZS1hNTVmLTk1ZDFkZjliNzIzZC8wMTk1NDU4Zi01ODA4LTczYjUtYjhkOC1hZTgzMWQ4NzUyYzUuanBnIiwiYnJhbmQiOiJkb3Rwcm9wZXJ0eSIsImVkaXRzIjp7InJvdGF0ZSI6bnVsbCwicmVzaXplIjp7IndpZHRoIjoyNzUsImhlaWdodCI6MTU1LCJmaXQiOiJjb3ZlciJ9fX0=
LC90692,ให้เช่าคอนโดหรูในทองหล่อ I THE ESSE SUKHUMVIT 36,"ราคาเช่า: ฿ 190,000 / เดือน","★ THE ESSE SUKHUMVIT 36 ★

ความเงียบสงบและความหรูหราของที่พักอาศัยแห่งนี้แตกต่างจากชีวิตในเมืองที่คึกคักภายนอก ที่นี่เป็นเสมือนที่หลบหนีจากชีวิตในเมืองที่วุ่นวายและมาพักผ่อนที่ที่คุณจะได้เป็นตัวของตัวเองอย่างแท้จริง

-----------------------------------------------

ราคาเช่า: 190,000 บาท/เดือน

-----------------------------------------------

ข้อมูลเพิ่มเติม
- 3 ห้องนอน
- 3 ห้องน้ำ
- ชั้น 37
- 124 ตร.ม. - เฟอร์นิเจอร์ครบชุด

---------------------------------------------------------

สถานที่ใกล้เคียง
- BTS ทองหล่อ
- เจ อเวนิว
- โรงเรียนนานาชาติทรินิตี้
- โรงพยาบาลสมิติเวช สุขุมวิท

---------------------------------------------------------

สิ่งอำนวยความสะดวก
- รปภ. 24 ชม.
- สระว่ายน้ำ
- ห้องออกกำลังกาย

---------------------------------------------------------

For more information and viewing please contact (TH/EN)

Andre 🤵🏻
แสดงเบอร์โทรศัพท์


Misa 🤵🏻‍♀️
แสดงเบอร์โทรศัพท์


Email: สอบถามรายละเอียด


-----------------------------------------------
#Bangkok #Thailand #Rental #Thonglor #ForRent #Rent #BestDeal #TheEsse #Sukhumvit36",LC90692_04.jpg,images\LC90692\LC90692_04.jpg,https://pix.dotproperty.co.th/eyJidWNrZXQiOiJwcmQtbGlmdWxsY29ubmVjdC1iYWNrZW5kLWIyYi1pbWFnZXMiLCJrZXkiOiJmbG9vci1wbGFucy8wMTkzNzMxYS1kNDRjLTc2NmUtYTU1Zi05NWQxZGY5YjcyM2QvMDE5NTQ1OGYtNWFmZC03MGFlLWE5NTYtYjMzMzE1OGQxYjI4LmpwZyIsImJyYW5kIjoiZG90cHJvcGVydHkiLCJlZGl0cyI6eyJyb3RhdGUiOm51bGwsInJlc2l6ZSI6eyJ3aWR0aCI6NzgwLCJoZWlnaHQiOjUyMCwiZml0IjoiY292ZXIifX19
LC90246,ปล่อยเช่าเพนท์เฮาท์หรู แถวสุขุมวิท 36,"ราคาเช่า: ฿ 550,000 / เดือน","★ THE ESSE SUKHUMVIT 36 ★

The peaceful and luxurious exclusivity of the residence is a contrast to the vibrant city life on the outside. It's an escape from the busy urban life into a place that offers respite for your soul, where you can truly be who you are.

-----------------------------------------------

More information
- Rent 550,0000 thb per month
- 2 bedrooms
- 3 bathrooms
- Floor 39-40
- 278.92 sq.m.
- Fully furnished

-----------------------------------------------

Nearby places
- BTS ThongLor
- J Avenue
- Trinity International School
- Samitivej Sukhumvit Hospital

-----------------------------------------------

Facilities
- 24-hours security
- Swimming pool
- Gym

-----------------------------------------------

For more information and viewing please contact (TH/EN)

Andre 🤵🏻
แสดงเบอร์โทรศัพท์


Misa 🤵🏻‍♀️
แสดงเบอร์โทรศัพท์


Email: สอบถามรายละเอียด",LC90246_01.jpg,images\LC90246\LC90246_01.jpg,https://pix.dotproperty.co.th/eyJidWNrZXQiOiJwcmQtbGlmdWxsY29ubmVjdC1iYWNrZW5kLWIyYi1pbWFnZXMiLCJrZXkiOiJwcm9wZXJ0aWVzLzAxOTM4MmFhLTYzYTAtNzg4NC04ZTM5LTkxZTFmYjgwZDlkMS8wMTkzODJhYi04NGUxLTcxZTQtOTEyMC05YmFjNWM5NzE3NGIuanBnIiwiYnJhbmQiOiJkb3Rwcm9wZXJ0eSIsImVkaXRzIjp7InJvdGF0ZSI6bnVsbCwicmVzaXplIjp7IndpZHRoIjo0OTAsImhlaWdodCI6MzI1LCJmaXQiOiJjb3ZlciJ9fX0=
LC90246,ปล่อยเช่าเพนท์เฮาท์หรู แถวสุขุมวิท 36,"ราคาเช่า: ฿ 550,000 / เดือน","★ THE ESSE SUKHUMVIT 36 ★

The peaceful and luxurious exclusivity of the residence is a contrast to the vibrant city life on the outside. It's an escape from the busy urban life into a place that offers respite for your soul, where you can truly be who you are.

-----------------------------------------------

More information
- Rent 550,0000 thb per month
- 2 bedrooms
- 3 bathrooms
- Floor 39-40
- 278.92 sq.m.
- Fully furnished

-----------------------------------------------

Nearby places
- BTS ThongLor
- J Avenue
- Trinity International School
- Samitivej Sukhumvit Hospital

-----------------------------------------------

Facilities
- 24-hours security
- Swimming pool
- Gym

-----------------------------------------------

For more information and viewing please contact (TH/EN)

Andre 🤵🏻
แสดงเบอร์โทรศัพท์


Misa 🤵🏻‍♀️
แสดงเบอร์โทรศัพท์


Email: สอบถามรายละเอียด",LC90246_02.jpg,images\LC90246\LC90246_02.jpg,https://pix.dotproperty.co.th/eyJidWNrZXQiOiJwcmQtbGlmdWxsY29ubmVjdC1iYWNrZW5kLWIyYi1pbWFnZXMiLCJrZXkiOiJwcm9wZXJ0aWVzLzAxOTM4MmFhLTYzYTAtNzg4NC04ZTM5LTkxZTFmYjgwZDlkMS8wMTkzODJhYi04NTk5LTczMzQtODY2NS1jMDhlOTlkOWZjZGQuanBnIiwiYnJhbmQiOiJkb3Rwcm9wZXJ0eSIsImVkaXRzIjp7InJvdGF0ZSI6bnVsbCwicmVzaXplIjp7IndpZHRoIjoyNzUsImhlaWdodCI6MTU1LCJmaXQiOiJjb3ZlciJ9fX0=
LC90246,ปล่อยเช่าเพนท์เฮาท์หรู แถวสุขุมวิท 36,"ราคาเช่า: ฿ 550,000 / เดือน","★ THE ESSE SUKHUMVIT 36 ★

The peaceful and luxurious exclusivity of the residence is a contrast to the vibrant city life on the outside. It's an escape from the busy urban life into a place that offers respite for your soul, where you can truly be who you are.

-----------------------------------------------

More information
- Rent 550,0000 thb per month
- 2 bedrooms
- 3 bathrooms
- Floor 39-40
- 278.92 sq.m.
- Fully furnished

-----------------------------------------------

Nearby places
- BTS ThongLor
- J Avenue
- Trinity International School
- Samitivej Sukhumvit Hospital

-----------------------------------------------

Facilities
- 24-hours security
- Swimming pool
- Gym

-----------------------------------------------

For more information and viewing please contact (TH/EN)

Andre 🤵🏻
แสดงเบอร์โทรศัพท์


Misa 🤵🏻‍♀️
แสดงเบอร์โทรศัพท์


Email: สอบถามรายละเอียด",LC90246_03.jpg,images\LC90246\LC90246_03.jpg,https://pix.dotproperty.co.th/eyJidWNrZXQiOiJwcmQtbGlmdWxsY29ubmVjdC1iYWNrZW5kLWIyYi1pbWFnZXMiLCJrZXkiOiJwcm9wZXJ0aWVzLzAxOTM4MmFhLTYzYTAtNzg4NC04ZTM5LTkxZTFmYjgwZDlkMS8wMTkzODJhYi04NWQzLTcyZDYtOWIxZS1hOWVjZTY4YzVkMzUuanBnIiwiYnJhbmQiOiJkb3Rwcm9wZXJ0eSIsImVkaXRzIjp7InJvdGF0ZSI6bnVsbCwicmVzaXplIjp7IndpZHRoIjoyNzUsImhlaWdodCI6MTU1LCJmaXQiOiJjb3ZlciJ9fX0=
AP-03237,ขายหรือให้เช่าคอนโด รอยซ์ ไพรเวท เรสซิเดนซ์ 4 ห้องนอน ใกล้ BTS อโศก,"ราคาขาย: ฿ 69,000,000
ราคาเช่า: ฿ 230,000 / เดือน","ขายคอนโด ขนาด 355 ตารางเมตร, ซึ่งประกอบด้วย 4 ห้องนอน และ 4 ห้องน้ำ ตั้งอยู่ใน คลองเตยเหนือ, วัฒนา.

สาธารณูปโภค ประกอบด้วย: สระว่ายน้ำ, เครื่องปรับอากาศ, ยิม, รปภ. 24 ชม., ที่จอดรถ, สวน, ระเบียง, ห้องอบซาวน่า, พื้นที่สำหรับเด็ก, มุมมองแบบพาโนรามา, ลิฟต์, ตู้เสื้อผ้าบิวท์อิน, รองรับผู้พิการ, ครัวบิวท์อิน และ ห้องทำงาน.
หมายเลขโทรศัพท์: แสดงเบอร์โทรศัพท์",AP-03237_01.jpg,images\AP-03237\AP-03237_01.jpg,https://pix.dotproperty.co.th/eyJidWNrZXQiOiJwcmQtbGlmdWxsY29ubmVjdC1iYWNrZW5kLWIyYi1pbWFnZXMiLCJrZXkiOiJwcm9wZXJ0aWVzLzAxOTEwYjczLWI1MjUtNzIyZC05ODA4LTFlZjI4NGZmYzk1Ny8wMTkxMTY3Zi1mNWMzLTcwZDUtYWQwZC05OGQ1MTIzZWQ3MzYuanBnIiwiYnJhbmQiOiJkb3Rwcm9wZXJ0eSIsImVkaXRzIjp7InJvdGF0ZSI6bnVsbCwicmVzaXplIjp7IndpZHRoIjo0OTAsImhlaWdodCI6MzI1LCJmaXQiOiJjb3ZlciJ9fX0=
AP-03237,ขายหรือให้เช่าคอนโด รอยซ์ ไพรเวท เรสซิเดนซ์ 4 ห้องนอน ใกล้ BTS อโศก,"ราคาขาย: ฿ 69,000,000
ราคาเช่า: ฿ 230,000 / เดือน","ขายคอนโด ขนาด 355 ตารางเมตร, ซึ่งประกอบด้วย 4 ห้องนอน และ 4 ห้องน้ำ ตั้งอยู่ใน คลองเตยเหนือ, วัฒนา.

สาธารณูปโภค ประกอบด้วย: สระว่ายน้ำ, เครื่องปรับอากาศ, ยิม, รปภ. 24 ชม., ที่จอดรถ, สวน, ระเบียง, ห้องอบซาวน่า, พื้นที่สำหรับเด็ก, มุมมองแบบพาโนรามา, ลิฟต์, ตู้เสื้อผ้าบิวท์อิน, รองรับผู้พิการ, ครัวบิวท์อิน และ ห้องทำงาน.
หมายเลขโทรศัพท์: แสดงเบอร์โทรศัพท์",AP-03237_02.jpg,images\AP-03237\AP-03237_02.jpg,https://pix.dotproperty.co.th/eyJidWNrZXQiOiJwcmQtbGlmdWxsY29ubmVjdC1iYWNrZW5kLWIyYi1pbWFnZXMiLCJrZXkiOiJwcm9wZXJ0aWVzLzAxOTEwYjczLWI1MjUtNzIyZC05ODA4LTFlZjI4NGZmYzk1Ny8wMTkxMTY3Zi1mNjA1LTcyNGItODhkNC1kOTRjYzJiNTAwODQuanBnIiwiYnJhbmQiOiJkb3Rwcm9wZXJ0eSIsImVkaXRzIjp7InJvdGF0ZSI6bnVsbCwicmVzaXplIjp7IndpZHRoIjoyNzUsImhlaWdodCI6MTU1LCJmaXQiOiJjb3ZlciJ9fX0=
AP-03237,ขายหรือให้เช่าคอนโด รอยซ์ ไพรเวท เรสซิเดนซ์ 4 ห้องนอน ใกล้ BTS อโศก,"ราคาขาย: ฿ 69,000,000
ราคาเช่า: ฿ 230,000 / เดือน","ขายคอนโด ขนาด 355 ตารางเมตร, ซึ่งประกอบด้วย 4 ห้องนอน และ 4 ห้องน้ำ ตั้งอยู่ใน คลองเตยเหนือ, วัฒนา.

สาธารณูปโภค ประกอบด้วย: สระว่ายน้ำ, เครื่องปรับอากาศ, ยิม, รปภ. 24 ชม., ที่จอดรถ, สวน, ระเบียง, ห้องอบซาวน่า, พื้นที่สำหรับเด็ก, มุมมองแบบพาโนรามา, ลิฟต์, ตู้เสื้อผ้าบิวท์อิน, รองรับผู้พิการ, ครัวบิวท์อิน และ ห้องทำงาน.
หมายเลขโทรศัพท์: แสดงเบอร์โทรศัพท์",AP-03237_03.jpg,images\AP-03237\AP-03237_03.jpg,https://pix.dotproperty.co.th/eyJidWNrZXQiOiJwcmQtbGlmdWxsY29ubmVjdC1iYWNrZW5kLWIyYi1pbWFnZXMiLCJrZXkiOiJwcm9wZXJ0aWVzLzAxOTEwYjczLWI1MjUtNzIyZC05ODA4LTFlZjI4NGZmYzk1Ny8wMTkxMTY3Zi1mNGVhLTcxZjItODUwZS0zOTFhYjBiM2FjODAuanBnIiwiYnJhbmQiOiJkb3Rwcm9wZXJ0eSIsImVkaXRzIjp7InJvdGF0ZSI6bnVsbCwicmVzaXplIjp7IndpZHRoIjoyNzUsImhlaWdodCI6MTU1LCJmaXQiOiJjb3ZlciJ9fX0=
AP-03237,ขายหรือให้เช่าคอนโด รอยซ์ ไพรเวท เรสซิเดนซ์ 4 ห้องนอน ใกล้ BTS อโศก,"ราคาขาย: ฿ 69,000,000
ราคาเช่า: ฿ 230,000 / เดือน","ขายคอนโด ขนาด 355 ตารางเมตร, ซึ่งประกอบด้วย 4 ห้องนอน และ 4 ห้องน้ำ ตั้งอยู่ใน คลองเตยเหนือ, วัฒนา.

สาธารณูปโภค ประกอบด้วย: สระว่ายน้ำ, เครื่องปรับอากาศ, ยิม, รปภ. 24 ชม., ที่จอดรถ, สวน, ระเบียง, ห้องอบซาวน่า, พื้นที่สำหรับเด็ก, มุมมองแบบพาโนรามา, ลิฟต์, ตู้เสื้อผ้าบิวท์อิน, รองรับผู้พิการ, ครัวบิวท์อิน และ ห้องทำงาน.
หมายเลขโทรศัพท์: แสดงเบอร์โทรศัพท์",AP-03237_04.jpg,images\AP-03237\AP-03237_04.jpg,https://pix.dotproperty.co.th/eyJidWNrZXQiOiJwcmQtbGlmdWxsY29ubmVjdC1iYWNrZW5kLWIyYi1pbWFnZXMiLCJrZXkiOiJmbG9vci1wbGFucy8wMTkxMGI3My1iNTI1LTcyMmQtOTgwOC0xZWYyODRmZmM5NTcvMDE5MTBiNzMtZTI0NS03MTNjLWFhMmEtM2Q4ZTU2ODcwMzZhLmpwZyIsImJyYW5kIjoiZG90cHJvcGVydHkiLCJlZGl0cyI6eyJyb3RhdGUiOm51bGwsInJlc2l6ZSI6eyJ3aWR0aCI6NzgwLCJoZWlnaHQiOjUyMCwiZml0IjoiY292ZXIifX19
BSBnSiri,ขาย / ให้เช่า – คอนโดบ้านสิริ 31 3 ห้องนอน / 3 ห้องน้ำ,"ราคาเช่า: ฿ 78,000 / เดือน","🚩 ขาย / ให้เช่า – คอนโดบ้านสิริ 31 (สุขุมวิท ซอย 31)

รายละเอียดทรัพย์
✔️ 3 ห้องนอน / 3 ห้องน้ำ
✔️ พื้นที่ใช้สอย 133 ตร.ม.
✔️ ชั้น 20 | ห้องเลขที่ 47/94
✔️ ที่จอดรถ 2 คัน (ระบบลิฟต์)
✔️ เฟอร์นิเจอร์ครบ พร้อมเข้าอยู่
✔️ เครื่องใช้ไฟฟ้าครบชุด

สิ่งอำนวยความสะดวก
✔️ โถงต้อนรับ
✔️ สระว่ายน้ำ
✔️ ฟิตเนส
✔️ ห้องสมุด
✔️ ห้องอเนกประสงค์
✔️ ห้องจดหมาย
✔️ สวนพักผ่อน
✔️ ระบบคีย์การ์ด
✔️ กล้องวงจรปิด
✔️ ระบบรักษาความปลอดภัยตลอด 24 ชม.

จุดเด่นทำเล
✔️ ใกล้ BTS พร้อมพงษ์ / MRT เพชรบุรี / ทางด่วนเพชรบุรี
✔️ ARL มักกะสัน
✔️ สวนเบญจสิริ
✔️ The EmDistrict, Emporium, Emquartier
✔️ Terminal 21
✔️ รพ. สมิติเวช สุขุมวิท, รพ. เทพธารินทร์, รพ. กรุงเทพ
📍 คลิกดูแผนที่

ราคา
🌟 ขาย: 20,500,000 บาท
| ค่าโอน 50/50)
⭐️ เช่า: 78,000 บาท/เดือน
(สัญญาขั้นต่ำ 1 ปี | ประกัน 2 เดือน | ล่วงหน้า 1 เดือน)
หมายเลขโทรศัพท์: แสดงเบอร์โทรศัพท์",BSBnSiri_01.jpg,images\BSBnSiri\BSBnSiri_01.jpg,https://pix.dotproperty.co.th/eyJidWNrZXQiOiJwcmQtbGlmdWxsY29ubmVjdC1iYWNrZW5kLWIyYi1pbWFnZXMiLCJrZXkiOiJwcm9wZXJ0aWVzLzAxOTYwZjEyLTQxOTktN2JiMC05NjBjLTg1MmVlOTJiNDc0YS8wMTk2MGYxNC1kN2RlLTcyMjQtYTFiMS02NGExNzEyNzAwODEuanBnIiwiYnJhbmQiOiJkb3Rwcm9wZXJ0eSIsImVkaXRzIjp7InJvdGF0ZSI6bnVsbCwicmVzaXplIjp7IndpZHRoIjo0OTAsImhlaWdodCI6MzI1LCJmaXQiOiJjb3ZlciJ9fX0=
BSBnSiri,ขาย / ให้เช่า – คอนโดบ้านสิริ 31 3 ห้องนอน / 3 ห้องน้ำ,"ราคาเช่า: ฿ 78,000 / เดือน","🚩 ขาย / ให้เช่า – คอนโดบ้านสิริ 31 (สุขุมวิท ซอย 31)

รายละเอียดทรัพย์
✔️ 3 ห้องนอน / 3 ห้องน้ำ
✔️ พื้นที่ใช้สอย 133 ตร.ม.
✔️ ชั้น 20 | ห้องเลขที่ 47/94
✔️ ที่จอดรถ 2 คัน (ระบบลิฟต์)
✔️ เฟอร์นิเจอร์ครบ พร้อมเข้าอยู่
✔️ เครื่องใช้ไฟฟ้าครบชุด

สิ่งอำนวยความสะดวก
✔️ โถงต้อนรับ
✔️ สระว่ายน้ำ
✔️ ฟิตเนส
✔️ ห้องสมุด
✔️ ห้องอเนกประสงค์
✔️ ห้องจดหมาย
✔️ สวนพักผ่อน
✔️ ระบบคีย์การ์ด
✔️ กล้องวงจรปิด
✔️ ระบบรักษาความปลอดภัยตลอด 24 ชม.

จุดเด่นทำเล
✔️ ใกล้ BTS พร้อมพงษ์ / MRT เพชรบุรี / ทางด่วนเพชรบุรี
✔️ ARL มักกะสัน
✔️ สวนเบญจสิริ
✔️ The EmDistrict, Emporium, Emquartier
✔️ Terminal 21
✔️ รพ. สมิติเวช สุขุมวิท, รพ. เทพธารินทร์, รพ. กรุงเทพ
📍 คลิกดูแผนที่

ราคา
🌟 ขาย: 20,500,000 บาท
| ค่าโอน 50/50)
⭐️ เช่า: 78,000 บาท/เดือน
(สัญญาขั้นต่ำ 1 ปี | ประกัน 2 เดือน | ล่วงหน้า 1 เดือน)
หมายเลขโทรศัพท์: แสดงเบอร์โทรศัพท์",BSBnSiri_02.jpg,images\BSBnSiri\BSBnSiri_02.jpg,https://pix.dotproperty.co.th/eyJidWNrZXQiOiJwcmQtbGlmdWxsY29ubmVjdC1iYWNrZW5kLWIyYi1pbWFnZXMiLCJrZXkiOiJwcm9wZXJ0aWVzLzAxOTYwZjEyLTQxOTktN2JiMC05NjBjLTg1MmVlOTJiNDc0YS8wMTk2MGYxNC1kOGI5LTcyNWUtOWM0OS1iM2ViY2E2N2FkZTEuanBnIiwiYnJhbmQiOiJkb3Rwcm9wZXJ0eSIsImVkaXRzIjp7InJvdGF0ZSI6bnVsbCwicmVzaXplIjp7IndpZHRoIjoyNzUsImhlaWdodCI6MTU1LCJmaXQiOiJjb3ZlciJ9fX0=
BSBnSiri,ขาย / ให้เช่า – คอนโดบ้านสิริ 31 3 ห้องนอน / 3 ห้องน้ำ,"ราคาเช่า: ฿ 78,000 / เดือน","🚩 ขาย / ให้เช่า – คอนโดบ้านสิริ 31 (สุขุมวิท ซอย 31)

รายละเอียดทรัพย์
✔️ 3 ห้องนอน / 3 ห้องน้ำ
✔️ พื้นที่ใช้สอย 133 ตร.ม.
✔️ ชั้น 20 | ห้องเลขที่ 47/94
✔️ ที่จอดรถ 2 คัน (ระบบลิฟต์)
✔️ เฟอร์นิเจอร์ครบ พร้อมเข้าอยู่
✔️ เครื่องใช้ไฟฟ้าครบชุด

สิ่งอำนวยความสะดวก
✔️ โถงต้อนรับ
✔️ สระว่ายน้ำ
✔️ ฟิตเนส
✔️ ห้องสมุด
✔️ ห้องอเนกประสงค์
✔️ ห้องจดหมาย
✔️ สวนพักผ่อน
✔️ ระบบคีย์การ์ด
✔️ กล้องวงจรปิด
✔️ ระบบรักษาความปลอดภัยตลอด 24 ชม.

จุดเด่นทำเล
✔️ ใกล้ BTS พร้อมพงษ์ / MRT เพชรบุรี / ทางด่วนเพชรบุรี
✔️ ARL มักกะสัน
✔️ สวนเบญจสิริ
✔️ The EmDistrict, Emporium, Emquartier
✔️ Terminal 21
✔️ รพ. สมิติเวช สุขุมวิท, รพ. เทพธารินทร์, รพ. กรุงเทพ
📍 คลิกดูแผนที่

ราคา
🌟 ขาย: 20,500,000 บาท
| ค่าโอน 50/50)
⭐️ เช่า: 78,000 บาท/เดือน
(สัญญาขั้นต่ำ 1 ปี | ประกัน 2 เดือน | ล่วงหน้า 1 เดือน)
หมายเลขโทรศัพท์: แสดงเบอร์โทรศัพท์",BSBnSiri_03.jpg,images\BSBnSiri\BSBnSiri_03.jpg,https://pix.dotproperty.co.th/eyJidWNrZXQiOiJwcmQtbGlmdWxsY29ubmVjdC1iYWNrZW5kLWIyYi1pbWFnZXMiLCJrZXkiOiJwcm9wZXJ0aWVzLzAxOTYwZjEyLTQxOTktN2JiMC05NjBjLTg1MmVlOTJiNDc0YS8wMTk2MGYxNC1kOTAyLTcwNGYtOGI0OS1hNjlmMTQyZDBlMDUuanBnIiwiYnJhbmQiOiJkb3Rwcm9wZXJ0eSIsImVkaXRzIjp7InJvdGF0ZSI6bnVsbCwicmVzaXplIjp7IndpZHRoIjoyNzUsImhlaWdodCI6MTU1LCJmaXQiOiJjb3ZlciJ9fX0=
8360,ให้เช่าคอนโด เซอร์เคิล คอนโดมิเนียม 2 ห้องนอน ใกล้ Airport Rail Link มักกะสัน,"ราคาเช่า: ฿ 60,000 / เดือน","ให้เช่าคอนโด ขนาด 75 ตารางเมตร, ซึ่งประกอบด้วย 2 ห้องนอน และ 2 ห้องน้ำ ตั้งอยู่ใน มักกะสัน, ราชเทวี.

สาธารณูปโภค ประกอบด้วย: สระว่ายน้ำ, ยิม, รปภ. 24 ชม., ที่จอดรถ, สวน, ระเบียง, ห้องอบซาวน่า, พื้นที่สำหรับเด็ก, พนักงานต้อนรับ, ห้องสมุด, จากุซซี่ และ ห้องทำงาน.
หมายเลขโทรศัพท์: แสดงเบอร์โทรศัพท์",8360_01.jpg,images\8360\8360_01.jpg,https://pix.dotproperty.co.th/eyJidWNrZXQiOiJwcmQtbGlmdWxsY29ubmVjdC1iYWNrZW5kLWIyYi1pbWFnZXMiLCJrZXkiOiJpbmdlc3Rlci8wMTk1YzFkZS1iNTBkLTdiYmMtYTcwOS1jMzk2NDlmNzJkY2IvNWM0YmEwY2ZiYzc5N2NiNjI4NmNlOTkyN2ZmMmE1ZmE4NmM5MDg3OWYxZDAxODMxODQ0ZGJmOGQxMzVlNDllOS5qcGVnIiwiYnJhbmQiOiJkb3Rwcm9wZXJ0eSIsImVkaXRzIjp7InJvdGF0ZSI6bnVsbCwicmVzaXplIjp7IndpZHRoIjo0OTAsImhlaWdodCI6MzI1LCJmaXQiOiJjb3ZlciJ9fX0=
8360,ให้เช่าคอนโด เซอร์เคิล คอนโดมิเนียม 2 ห้องนอน ใกล้ Airport Rail Link มักกะสัน,"ราคาเช่า: ฿ 60,000 / เดือน","ให้เช่าคอนโด ขนาด 75 ตารางเมตร, ซึ่งประกอบด้วย 2 ห้องนอน และ 2 ห้องน้ำ ตั้งอยู่ใน มักกะสัน, ราชเทวี.

สาธารณูปโภค ประกอบด้วย: สระว่ายน้ำ, ยิม, รปภ. 24 ชม., ที่จอดรถ, สวน, ระเบียง, ห้องอบซาวน่า, พื้นที่สำหรับเด็ก, พนักงานต้อนรับ, ห้องสมุด, จากุซซี่ และ ห้องทำงาน.
หมายเลขโทรศัพท์: แสดงเบอร์โทรศัพท์",8360_02.jpg,images\8360\8360_02.jpg,https://pix.dotproperty.co.th/eyJidWNrZXQiOiJwcmQtbGlmdWxsY29ubmVjdC1iYWNrZW5kLWIyYi1pbWFnZXMiLCJrZXkiOiJpbmdlc3Rlci8wMTk1YzFkZS1iNTBkLTdiYmMtYTcwOS1jMzk2NDlmNzJkY2IvMTFkYmZlNGFmNzc0Y2ZiNWFiMGFkYjY2MzllN2Y2ZTQyMWI0NTZjMTk4ZjMzMzJjNTAxOTllNTMxZjU0YmI5My5qcGVnIiwiYnJhbmQiOiJkb3Rwcm9wZXJ0eSIsImVkaXRzIjp7InJvdGF0ZSI6bnVsbCwicmVzaXplIjp7IndpZHRoIjoyNzUsImhlaWdodCI6MTU1LCJmaXQiOiJjb3ZlciJ9fX0=
8360,ให้เช่าคอนโด เซอร์เคิล คอนโดมิเนียม 2 ห้องนอน ใกล้ Airport Rail Link มักกะสัน,"ราคาเช่า: ฿ 60,000 / เดือน","ให้เช่าคอนโด ขนาด 75 ตารางเมตร, ซึ่งประกอบด้วย 2 ห้องนอน และ 2 ห้องน้ำ ตั้งอยู่ใน มักกะสัน, ราชเทวี.

สาธารณูปโภค ประกอบด้วย: สระว่ายน้ำ, ยิม, รปภ. 24 ชม., ที่จอดรถ, สวน, ระเบียง, ห้องอบซาวน่า, พื้นที่สำหรับเด็ก, พนักงานต้อนรับ, ห้องสมุด, จากุซซี่ และ ห้องทำงาน.
หมายเลขโทรศัพท์: แสดงเบอร์โทรศัพท์",8360_03.jpg,images\8360\8360_03.jpg,https://pix.dotproperty.co.th/eyJidWNrZXQiOiJwcmQtbGlmdWxsY29ubmVjdC1iYWNrZW5kLWIyYi1pbWFnZXMiLCJrZXkiOiJpbmdlc3Rlci8wMTk1YzFkZS1iNTBkLTdiYmMtYTcwOS1jMzk2NDlmNzJkY2IvOWE2ZTAzZmY2YTNhNWM0ZmM4MDQ1NDJiNTVjOTU1ZmFmYjczOTBmNDhlNzY2MjQ1Y2Q2ZmIwM2ZmNWFlYWQ2YS5qcGVnIiwiYnJhbmQiOiJkb3Rwcm9wZXJ0eSIsImVkaXRzIjp7InJvdGF0ZSI6bnVsbCwicmVzaXplIjp7IndpZHRoIjoyNzUsImhlaWdodCI6MTU1LCJmaXQiOiJjb3ZlciJ9fX0=
A99154,มิวนีค หลังสวน - 3 ห้องนอนสำหรับขายและเช่า,"ราคาขาย: ฿ 68,000,000
ราคาเช่า: ฿ 180,000 / เดือน",""" มิวนีค หลังสวน ""
ความงดงามเหนือกาลเวลา ณ สถานที่อันทรงเกียรติที่สุดของกรุงเทพฯ
ที่อยู่อาศัยฟรีข้ามสวนลุมพินี
3 ห้องนอน 3 ห้องน้ำ
พื้นที่ใช้สอย: 123.29 ตร.ม

ราคา: 68,000,000 บาท
ราคาเช่า: 180,000 บาท ต่อเดือน

Contact for more information:
Call/Whatsapp/ แสดงเบอร์โทรศัพท์

Email: สอบถามรายละเอียด
Facebook: @npprealtyandconsultants
Youtube: NPP Realty & Consultants
Website:",A99154_01.jpg,images\A99154\A99154_01.jpg,https://pix.dotproperty.co.th/eyJidWNrZXQiOiJwcmQtbGlmdWxsY29ubmVjdC1iYWNrZW5kLWIyYi1pbWFnZXMiLCJrZXkiOiJwcm9wZXJ0aWVzLzAxOTQwNzM1LTZjMjQtN2RkNi1iYTE5LTEyYTc4M2NiY2M1NS8wMTk1ZDFlMy1hNzVkLTcwM2EtYTljOS02ODc3MWQ0MTRkYzguanBnIiwiYnJhbmQiOiJkb3Rwcm9wZXJ0eSIsImVkaXRzIjp7InJvdGF0ZSI6bnVsbCwicmVzaXplIjp7IndpZHRoIjo0OTAsImhlaWdodCI6MzI1LCJmaXQiOiJjb3ZlciJ9fX0=
A99154,มิวนีค หลังสวน - 3 ห้องนอนสำหรับขายและเช่า,"ราคาขาย: ฿ 68,000,000
ราคาเช่า: ฿ 180,000 / เดือน",""" มิวนีค หลังสวน ""
ความงดงามเหนือกาลเวลา ณ สถานที่อันทรงเกียรติที่สุดของกรุงเทพฯ
ที่อยู่อาศัยฟรีข้ามสวนลุมพินี
3 ห้องนอน 3 ห้องน้ำ
พื้นที่ใช้สอย: 123.29 ตร.ม

ราคา: 68,000,000 บาท
ราคาเช่า: 180,000 บาท ต่อเดือน

Contact for more information:
Call/Whatsapp/ แสดงเบอร์โทรศัพท์

Email: สอบถามรายละเอียด
Facebook: @npprealtyandconsultants
Youtube: NPP Realty & Consultants
Website:",A99154_02.jpg,images\A99154\A99154_02.jpg,https://pix.dotproperty.co.th/eyJidWNrZXQiOiJwcmQtbGlmdWxsY29ubmVjdC1iYWNrZW5kLWIyYi1pbWFnZXMiLCJrZXkiOiJwcm9wZXJ0aWVzLzAxOTQwNzM1LTZjMjQtN2RkNi1iYTE5LTEyYTc4M2NiY2M1NS8wMTk1ZDFlMy1hODYyLTczYWUtODZkMC01ZWQxZDNiOGU1NzQuanBnIiwiYnJhbmQiOiJkb3Rwcm9wZXJ0eSIsImVkaXRzIjp7InJvdGF0ZSI6bnVsbCwicmVzaXplIjp7IndpZHRoIjoyNzUsImhlaWdodCI6MTU1LCJmaXQiOiJjb3ZlciJ9fX0=
A99154,มิวนีค หลังสวน - 3 ห้องนอนสำหรับขายและเช่า,"ราคาขาย: ฿ 68,000,000
ราคาเช่า: ฿ 180,000 / เดือน",""" มิวนีค หลังสวน ""
ความงดงามเหนือกาลเวลา ณ สถานที่อันทรงเกียรติที่สุดของกรุงเทพฯ
ที่อยู่อาศัยฟรีข้ามสวนลุมพินี
3 ห้องนอน 3 ห้องน้ำ
พื้นที่ใช้สอย: 123.29 ตร.ม

ราคา: 68,000,000 บาท
ราคาเช่า: 180,000 บาท ต่อเดือน

Contact for more information:
Call/Whatsapp/ แสดงเบอร์โทรศัพท์

Email: สอบถามรายละเอียด
Facebook: @npprealtyandconsultants
Youtube: NPP Realty & Consultants
Website:",A99154_03.jpg,images\A99154\A99154_03.jpg,https://pix.dotproperty.co.th/eyJidWNrZXQiOiJwcmQtbGlmdWxsY29ubmVjdC1iYWNrZW5kLWIyYi1pbWFnZXMiLCJrZXkiOiJwcm9wZXJ0aWVzLzAxOTQwNzM1LTZjMjQtN2RkNi1iYTE5LTEyYTc4M2NiY2M1NS8wMTk1ZDFlMy1hOGJlLTczZGYtOTM1Yy0yNWM2MjQwNjY4NWIuanBnIiwiYnJhbmQiOiJkb3Rwcm9wZXJ0eSIsImVkaXRzIjp7InJvdGF0ZSI6bnVsbCwicmVzaXplIjp7IndpZHRoIjoyNzUsImhlaWdodCI6MTU1LCJmaXQiOiJjb3ZlciJ9fX0=
A99154,มิวนีค หลังสวน - 3 ห้องนอนสำหรับขายและเช่า,"ราคาขาย: ฿ 68,000,000
ราคาเช่า: ฿ 180,000 / เดือน",""" มิวนีค หลังสวน ""
ความงดงามเหนือกาลเวลา ณ สถานที่อันทรงเกียรติที่สุดของกรุงเทพฯ
ที่อยู่อาศัยฟรีข้ามสวนลุมพินี
3 ห้องนอน 3 ห้องน้ำ
พื้นที่ใช้สอย: 123.29 ตร.ม

ราคา: 68,000,000 บาท
ราคาเช่า: 180,000 บาท ต่อเดือน

Contact for more information:
Call/Whatsapp/ แสดงเบอร์โทรศัพท์

Email: สอบถามรายละเอียด
Facebook: @npprealtyandconsultants
Youtube: NPP Realty & Consultants
Website:",A99154_04.jpg,images\A99154\A99154_04.jpg,https://pix.dotproperty.co.th/eyJidWNrZXQiOiJwcmQtbGlmdWxsY29ubmVjdC1iYWNrZW5kLWIyYi1pbWFnZXMiLCJrZXkiOiJmbG9vci1wbGFucy8wMTk0MDczNS02YzI0LTdkZDYtYmExOS0xMmE3ODNjYmNjNTUvMDE5NDA3MzUtNzYwYi03MDdjLWEzYWMtMjk2OTZlZGE4NzVjLnBuZyIsImJyYW5kIjoiZG90cHJvcGVydHkiLCJlZGl0cyI6eyJyb3RhdGUiOm51bGwsInJlc2l6ZSI6eyJ3aWR0aCI6NzgwLCJoZWlnaHQiOjUyMCwiZml0IjoiY292ZXIifX19
A99154,มิวนีค หลังสวน - 3 ห้องนอนสำหรับขายและเช่า,"ราคาขาย: ฿ 68,000,000
ราคาเช่า: ฿ 180,000 / เดือน",""" มิวนีค หลังสวน ""
ความงดงามเหนือกาลเวลา ณ สถานที่อันทรงเกียรติที่สุดของกรุงเทพฯ
ที่อยู่อาศัยฟรีข้ามสวนลุมพินี
3 ห้องนอน 3 ห้องน้ำ
พื้นที่ใช้สอย: 123.29 ตร.ม

ราคา: 68,000,000 บาท
ราคาเช่า: 180,000 บาท ต่อเดือน

Contact for more information:
Call/Whatsapp/ แสดงเบอร์โทรศัพท์

Email: สอบถามรายละเอียด
Facebook: @npprealtyandconsultants
Youtube: NPP Realty & Consultants
Website:",A99154_05.jpg,images\A99154\A99154_05.jpg,https://pix.dotproperty.co.th/eyJidWNrZXQiOiJwcmQtbGlmdWxsY29ubmVjdC1iYWNrZW5kLWIyYi1pbWFnZXMiLCJrZXkiOiJmbG9vci1wbGFucy8wMTk0MDczNS02YzI0LTdkZDYtYmExOS0xMmE3ODNjYmNjNTUvMDE5NWQxZTQtNjRhNi03MmI3LWExMzItMjg4YmFjYmZjOGJjLmpwZyIsImJyYW5kIjoiZG90cHJvcGVydHkiLCJlZGl0cyI6eyJyb3RhdGUiOm51bGwsInJlc2l6ZSI6eyJ3aWR0aCI6NzgwLCJoZWlnaHQiOjUyMCwiZml0IjoiY292ZXIifX19
BS28chd,ให้เช่า พร้อมเข้าอยู่ คอนโด 28 ชิดลม 2 ห้องนอน 2 ห้องน้ำ ขนาด 74 ตรม.,"ราคาเช่า: ฿ 80,000 / เดือน","ให้เช่า พร้อมเข้าอยู่
28 ชิดลม
2 ห้องนอน, 2 ห้องน้ำ, 74 ตร.ม.
ราคา 80,000 บาท/เดือน
สิ่งอำนวยความสะดวกที่ 28 ชิดลม มีที่จอดรถ, เจ้าหน้าที่อำนวยความสะดวก, สวนหย่อม, ห้องออกกำลังกาย, ซาวน่า, ระบบรักษาความปลอดภัย และสระว่ายน้ำ
ทำเลเยี่ยม: ตั้งอยู่บนถนนชิดลม ซึ่งเป็นย่านที่น่าอยู่มากในกรุงเทพฯ
เดินได้: 250 เมตรจากสถานีรถไฟฟ้า BTS ชิดลม และ 180 เมตรจากเซ็นทรัลชิดลม
สิ่งอำนวยความสะดวกใกล้เคียง: ใกล้ห้างสรรพสินค้าชั้นนำ (เซ็นทรัลเอ็มบาสซี, สยามพารากอน, สยามเซ็นเตอร์), โรงพยาบาล (โรงพยาบาลบำรุงราษฎร์), โรงเรียน และอาคารสำนักงาน
หมายเลขโทรศัพท์: แสดงเบอร์โทรศัพท์",BS28chd_01.jpg,images\BS28chd\BS28chd_01.jpg,https://pix.dotproperty.co.th/eyJidWNrZXQiOiJwcmQtbGlmdWxsY29ubmVjdC1iYWNrZW5kLWIyYi1pbWFnZXMiLCJrZXkiOiJwcm9wZXJ0aWVzLzAxOTViYzY5LWI1OTEtNzMzNS04ODBhLWY4YTRhY2Y2YmQ0Ny8wMTk1YmM2YS1hZGExLTczNjctOTBkYi1kMGI3NzFlMDA0OWIuanBnIiwiYnJhbmQiOiJkb3Rwcm9wZXJ0eSIsImVkaXRzIjp7InJvdGF0ZSI6bnVsbCwicmVzaXplIjp7IndpZHRoIjo0OTAsImhlaWdodCI6MzI1LCJmaXQiOiJjb3ZlciJ9fX0=
BS28chd,ให้เช่า พร้อมเข้าอยู่ คอนโด 28 ชิดลม 2 ห้องนอน 2 ห้องน้ำ ขนาด 74 ตรม.,"ราคาเช่า: ฿ 80,000 / เดือน","ให้เช่า พร้อมเข้าอยู่
28 ชิดลม
2 ห้องนอน, 2 ห้องน้ำ, 74 ตร.ม.
ราคา 80,000 บาท/เดือน
สิ่งอำนวยความสะดวกที่ 28 ชิดลม มีที่จอดรถ, เจ้าหน้าที่อำนวยความสะดวก, สวนหย่อม, ห้องออกกำลังกาย, ซาวน่า, ระบบรักษาความปลอดภัย และสระว่ายน้ำ
ทำเลเยี่ยม: ตั้งอยู่บนถนนชิดลม ซึ่งเป็นย่านที่น่าอยู่มากในกรุงเทพฯ
เดินได้: 250 เมตรจากสถานีรถไฟฟ้า BTS ชิดลม และ 180 เมตรจากเซ็นทรัลชิดลม
สิ่งอำนวยความสะดวกใกล้เคียง: ใกล้ห้างสรรพสินค้าชั้นนำ (เซ็นทรัลเอ็มบาสซี, สยามพารากอน, สยามเซ็นเตอร์), โรงพยาบาล (โรงพยาบาลบำรุงราษฎร์), โรงเรียน และอาคารสำนักงาน
หมายเลขโทรศัพท์: แสดงเบอร์โทรศัพท์",BS28chd_02.jpg,images\BS28chd\BS28chd_02.jpg,https://pix.dotproperty.co.th/eyJidWNrZXQiOiJwcmQtbGlmdWxsY29ubmVjdC1iYWNrZW5kLWIyYi1pbWFnZXMiLCJrZXkiOiJwcm9wZXJ0aWVzLzAxOTViYzY5LWI1OTEtNzMzNS04ODBhLWY4YTRhY2Y2YmQ0Ny8wMTk1YmM2YS1hZTFkLTcxMWYtOTUxYS05NjUxNmViMmI1NGEuanBnIiwiYnJhbmQiOiJkb3Rwcm9wZXJ0eSIsImVkaXRzIjp7InJvdGF0ZSI6bnVsbCwicmVzaXplIjp7IndpZHRoIjoyNzUsImhlaWdodCI6MTU1LCJmaXQiOiJjb3ZlciJ9fX0=
BS28chd,ให้เช่า พร้อมเข้าอยู่ คอนโด 28 ชิดลม 2 ห้องนอน 2 ห้องน้ำ ขนาด 74 ตรม.,"ราคาเช่า: ฿ 80,000 / เดือน","ให้เช่า พร้อมเข้าอยู่
28 ชิดลม
2 ห้องนอน, 2 ห้องน้ำ, 74 ตร.ม.
ราคา 80,000 บาท/เดือน
สิ่งอำนวยความสะดวกที่ 28 ชิดลม มีที่จอดรถ, เจ้าหน้าที่อำนวยความสะดวก, สวนหย่อม, ห้องออกกำลังกาย, ซาวน่า, ระบบรักษาความปลอดภัย และสระว่ายน้ำ
ทำเลเยี่ยม: ตั้งอยู่บนถนนชิดลม ซึ่งเป็นย่านที่น่าอยู่มากในกรุงเทพฯ
เดินได้: 250 เมตรจากสถานีรถไฟฟ้า BTS ชิดลม และ 180 เมตรจากเซ็นทรัลชิดลม
สิ่งอำนวยความสะดวกใกล้เคียง: ใกล้ห้างสรรพสินค้าชั้นนำ (เซ็นทรัลเอ็มบาสซี, สยามพารากอน, สยามเซ็นเตอร์), โรงพยาบาล (โรงพยาบาลบำรุงราษฎร์), โรงเรียน และอาคารสำนักงาน
หมายเลขโทรศัพท์: แสดงเบอร์โทรศัพท์",BS28chd_03.jpg,images\BS28chd\BS28chd_03.jpg,https://pix.dotproperty.co.th/eyJidWNrZXQiOiJwcmQtbGlmdWxsY29ubmVjdC1iYWNrZW5kLWIyYi1pbWFnZXMiLCJrZXkiOiJwcm9wZXJ0aWVzLzAxOTViYzY5LWI1OTEtNzMzNS04ODBhLWY4YTRhY2Y2YmQ0Ny8wMTk1YmM2YS1hZjQ4LTcxZjYtYmQ5MS02M2M3Y2ZlNDM4ZGEuanBnIiwiYnJhbmQiOiJkb3Rwcm9wZXJ0eSIsImVkaXRzIjp7InJvdGF0ZSI6bnVsbCwicmVzaXplIjp7IndpZHRoIjoyNzUsImhlaWdodCI6MTU1LCJmaXQiOiJjb3ZlciJ9fX0=
AA16289,ขายหรือให้เช่าคอนโด เบลเกรเวีย เรสซิเดนท์ส 4 ห้องนอน ใกล้ BTS ทองหล่อ,"ราคาขาย: ฿ 50,000,000
ราคาเช่า: ฿ 165,000 / เดือน","ขายคอนโด ขนาด 294 ตารางเมตร, ซึ่งประกอบด้วย 4 ห้องนอน และ 4 ห้องน้ำ ตั้งอยู่ใน คลองตัน, คลองเตย.

สาธารณูปโภค ประกอบด้วย: สระว่ายน้ำ, ยิม, รปภ. 24 ชม., ที่จอดรถ, พื้นที่สำหรับเด็ก และ เตาย่าง.
หมายเลขโทรศัพท์: แสดงเบอร์โทรศัพท์",AA16289_01.jpg,images\AA16289\AA16289_01.jpg,https://pix.dotproperty.co.th/eyJidWNrZXQiOiJwcmQtbGlmdWxsY29ubmVjdC1iYWNrZW5kLWIyYi1pbWFnZXMiLCJrZXkiOiJpbmdlc3Rlci8wMTk1NWI3Yi1lYjFkLTc4M2UtOTBiYS03MGVhNjdjYzk3NjMvOGIxMGFjNTk2YjFkMWRhYThjNDlhNjE0MWU4MGJkOTlmMmRmMzQ3NmZlODgwNzQ4NTg5NDUyZGVkMzFiNDc3MC5qcGVnIiwiYnJhbmQiOiJkb3Rwcm9wZXJ0eSIsImVkaXRzIjp7InJvdGF0ZSI6bnVsbCwicmVzaXplIjp7IndpZHRoIjo0OTAsImhlaWdodCI6MzI1LCJmaXQiOiJjb3ZlciJ9fX0=
AA16289,ขายหรือให้เช่าคอนโด เบลเกรเวีย เรสซิเดนท์ส 4 ห้องนอน ใกล้ BTS ทองหล่อ,"ราคาขาย: ฿ 50,000,000
ราคาเช่า: ฿ 165,000 / เดือน","ขายคอนโด ขนาด 294 ตารางเมตร, ซึ่งประกอบด้วย 4 ห้องนอน และ 4 ห้องน้ำ ตั้งอยู่ใน คลองตัน, คลองเตย.

สาธารณูปโภค ประกอบด้วย: สระว่ายน้ำ, ยิม, รปภ. 24 ชม., ที่จอดรถ, พื้นที่สำหรับเด็ก และ เตาย่าง.
หมายเลขโทรศัพท์: แสดงเบอร์โทรศัพท์",AA16289_02.jpg,images\AA16289\AA16289_02.jpg,https://pix.dotproperty.co.th/eyJidWNrZXQiOiJwcmQtbGlmdWxsY29ubmVjdC1iYWNrZW5kLWIyYi1pbWFnZXMiLCJrZXkiOiJpbmdlc3Rlci8wMTk1NWI3Yi1lYjFkLTc4M2UtOTBiYS03MGVhNjdjYzk3NjMvMGEzZDk5ZjY3ZGJmMTRiNmYxZDM3YTg3OGJjOGU3NjA5OTRjZGYzMmM3OGQ0ZTQxMGJkMTEyMTY5ZWZhNGY1OC5qcGVnIiwiYnJhbmQiOiJkb3Rwcm9wZXJ0eSIsImVkaXRzIjp7InJvdGF0ZSI6bnVsbCwicmVzaXplIjp7IndpZHRoIjoyNzUsImhlaWdodCI6MTU1LCJmaXQiOiJjb3ZlciJ9fX0=
AA16289,ขายหรือให้เช่าคอนโด เบลเกรเวีย เรสซิเดนท์ส 4 ห้องนอน ใกล้ BTS ทองหล่อ,"ราคาขาย: ฿ 50,000,000
ราคาเช่า: ฿ 165,000 / เดือน","ขายคอนโด ขนาด 294 ตารางเมตร, ซึ่งประกอบด้วย 4 ห้องนอน และ 4 ห้องน้ำ ตั้งอยู่ใน คลองตัน, คลองเตย.

สาธารณูปโภค ประกอบด้วย: สระว่ายน้ำ, ยิม, รปภ. 24 ชม., ที่จอดรถ, พื้นที่สำหรับเด็ก และ เตาย่าง.
หมายเลขโทรศัพท์: แสดงเบอร์โทรศัพท์",AA16289_03.jpg,images\AA16289\AA16289_03.jpg,https://pix.dotproperty.co.th/eyJidWNrZXQiOiJwcmQtbGlmdWxsY29ubmVjdC1iYWNrZW5kLWIyYi1pbWFnZXMiLCJrZXkiOiJpbmdlc3Rlci8wMTk1NWI3Yi1lYjFkLTc4M2UtOTBiYS03MGVhNjdjYzk3NjMvMWE4OGMzZjlkMDFjYmUyNDAxMjE4OThjYWI4NTE4OGNlNjI3ZThmOWY3NzIyZTllYjAzNjQ3ZDM4ZGJlZjRiZi5qcGVnIiwiYnJhbmQiOiJkb3Rwcm9wZXJ0eSIsImVkaXRzIjp7InJvdGF0ZSI6bnVsbCwicmVzaXplIjp7IndpZHRoIjoyNzUsImhlaWdodCI6MTU1LCJmaXQiOiJjb3ZlciJ9fX0=
A99567,เซอเลส อโศก : ปล่อยเช่าคอนโด 3 ห้องนอน,"ราคาเช่า: ฿ 250,000 / เดือน","โครงการ : เซอเลส อโศก
3 ห้องนอน 3 ห้องน้ำ
พื้นที่ใช้สอย : 134 ตร.ม.
ชั้นสูง : 30+

ให้เช่า : 250,000 บาท/เดือน

Contact for more information :
Call/Whatsapp/ : แสดงเบอร์โทรศัพท์

Email : สอบถามรายละเอียด
Facebook : @npprealtyandconsultants
Youtube : NPP Realty & Consultants
Website :",A99567_01.jpg,images\A99567\A99567_01.jpg,https://pix.dotproperty.co.th/eyJidWNrZXQiOiJwcmQtbGlmdWxsY29ubmVjdC1iYWNrZW5kLWIyYi1pbWFnZXMiLCJrZXkiOiJwcm9wZXJ0aWVzLzAxOTRiYmRjLTg5YjMtNzg4My1iNGQ5LTM0Y2ZmMTQxMTViMi8wMTk0YmJkYy1hNjI4LTcwOTUtOTIyMi1kZjcwNTRkNTZjOTkuanBnIiwiYnJhbmQiOiJkb3Rwcm9wZXJ0eSIsImVkaXRzIjp7InJvdGF0ZSI6bnVsbCwicmVzaXplIjp7IndpZHRoIjo0OTAsImhlaWdodCI6MzI1LCJmaXQiOiJjb3ZlciJ9fX0=
A99567,เซอเลส อโศก : ปล่อยเช่าคอนโด 3 ห้องนอน,"ราคาเช่า: ฿ 250,000 / เดือน","โครงการ : เซอเลส อโศก
3 ห้องนอน 3 ห้องน้ำ
พื้นที่ใช้สอย : 134 ตร.ม.
ชั้นสูง : 30+

ให้เช่า : 250,000 บาท/เดือน

Contact for more information :
Call/Whatsapp/ : แสดงเบอร์โทรศัพท์

Email : สอบถามรายละเอียด
Facebook : @npprealtyandconsultants
Youtube : NPP Realty & Consultants
Website :",A99567_02.jpg,images\A99567\A99567_02.jpg,https://pix.dotproperty.co.th/eyJidWNrZXQiOiJwcmQtbGlmdWxsY29ubmVjdC1iYWNrZW5kLWIyYi1pbWFnZXMiLCJrZXkiOiJwcm9wZXJ0aWVzLzAxOTRiYmRjLTg5YjMtNzg4My1iNGQ5LTM0Y2ZmMTQxMTViMi8wMTk0YmJkYy1hNzA3LTcxZjUtYjdjNC0xNDE2YmNiMWQ2MjAuanBnIiwiYnJhbmQiOiJkb3Rwcm9wZXJ0eSIsImVkaXRzIjp7InJvdGF0ZSI6bnVsbCwicmVzaXplIjp7IndpZHRoIjoyNzUsImhlaWdodCI6MTU1LCJmaXQiOiJjb3ZlciJ9fX0=
A99567,เซอเลส อโศก : ปล่อยเช่าคอนโด 3 ห้องนอน,"ราคาเช่า: ฿ 250,000 / เดือน","โครงการ : เซอเลส อโศก
3 ห้องนอน 3 ห้องน้ำ
พื้นที่ใช้สอย : 134 ตร.ม.
ชั้นสูง : 30+

ให้เช่า : 250,000 บาท/เดือน

Contact for more information :
Call/Whatsapp/ : แสดงเบอร์โทรศัพท์

Email : สอบถามรายละเอียด
Facebook : @npprealtyandconsultants
Youtube : NPP Realty & Consultants
Website :",A99567_03.jpg,images\A99567\A99567_03.jpg,https://pix.dotproperty.co.th/eyJidWNrZXQiOiJwcmQtbGlmdWxsY29ubmVjdC1iYWNrZW5kLWIyYi1pbWFnZXMiLCJrZXkiOiJwcm9wZXJ0aWVzLzAxOTRiYmRjLTg5YjMtNzg4My1iNGQ5LTM0Y2ZmMTQxMTViMi8wMTk0YmJkYy1hNzU0LTcwMzktOWRlOS0yYjdlYTY0MzQ1ZjguanBnIiwiYnJhbmQiOiJkb3Rwcm9wZXJ0eSIsImVkaXRzIjp7InJvdGF0ZSI6bnVsbCwicmVzaXplIjp7IndpZHRoIjoyNzUsImhlaWdodCI6MTU1LCJmaXQiOiJjb3ZlciJ9fX0=
A99567,เซอเลส อโศก : ปล่อยเช่าคอนโด 3 ห้องนอน,"ราคาเช่า: ฿ 250,000 / เดือน","โครงการ : เซอเลส อโศก
3 ห้องนอน 3 ห้องน้ำ
พื้นที่ใช้สอย : 134 ตร.ม.
ชั้นสูง : 30+

ให้เช่า : 250,000 บาท/เดือน

Contact for more information :
Call/Whatsapp/ : แสดงเบอร์โทรศัพท์

Email : สอบถามรายละเอียด
Facebook : @npprealtyandconsultants
Youtube : NPP Realty & Consultants
Website :",A99567_04.jpg,images\A99567\A99567_04.jpg,https://pix.dotproperty.co.th/eyJidWNrZXQiOiJwcmQtbGlmdWxsY29ubmVjdC1iYWNrZW5kLWIyYi1pbWFnZXMiLCJrZXkiOiJmbG9vci1wbGFucy8wMTk0YmJkYy04OWIzLTc4ODMtYjRkOS0zNGNmZjE0MTE1YjIvMDE5NGJiZGMtYWIxMC03MTNlLThmY2UtOWEwMDcyZDk3YjMxLnBuZyIsImJyYW5kIjoiZG90cHJvcGVydHkiLCJlZGl0cyI6eyJyb3RhdGUiOm51bGwsInJlc2l6ZSI6eyJ3aWR0aCI6NzgwLCJoZWlnaHQiOjUyMCwiZml0IjoiY292ZXIifX19
2006,ให้เช่าคอนโด ดิ แอดเดรส สุขุมวิท 42 1 ห้องนอน ใกล้ BTS เอกมัย,"ราคาเช่า: ฿ 20,000 / เดือน","ให้เช่าคอนโด ขนาด 45 ตารางเมตร, ซึ่งประกอบด้วย 1 ห้องนอน และ 1 ห้องน้ำ ตั้งอยู่ใน พระโขนง, คลองเตย.

สาธารณูปโภค ประกอบด้วย: สระว่ายน้ำ, ยิม, รปภ. 24 ชม., ที่จอดรถ, ระเบียง และ ห้องอบซาวน่า.
หมายเลขโทรศัพท์: แสดงเบอร์โทรศัพท์",2006_01.jpg,images\2006\2006_01.jpg,https://pix.dotproperty.co.th/eyJidWNrZXQiOiJwcmQtbGlmdWxsY29ubmVjdC1iYWNrZW5kLWIyYi1pbWFnZXMiLCJrZXkiOiJpbmdlc3Rlci8wMTk0YzA2MC0yYTRmLTdlZmMtODJhOC05MGUxZGRlYWM0NDQvODYxNWYyM2RlZDNlZjMxYTM3YjA1ZTZiNDljYzAyNGRlZmEyYjliMTgyMTgwMWNiYzdlZjUyZmVkMTQ4OTE2NS53ZWJwIiwiYnJhbmQiOiJkb3Rwcm9wZXJ0eSIsImVkaXRzIjp7InJvdGF0ZSI6bnVsbCwicmVzaXplIjp7IndpZHRoIjo0OTAsImhlaWdodCI6MzI1LCJmaXQiOiJjb3ZlciJ9fX0=
2006,ให้เช่าคอนโด ดิ แอดเดรส สุขุมวิท 42 1 ห้องนอน ใกล้ BTS เอกมัย,"ราคาเช่า: ฿ 20,000 / เดือน","ให้เช่าคอนโด ขนาด 45 ตารางเมตร, ซึ่งประกอบด้วย 1 ห้องนอน และ 1 ห้องน้ำ ตั้งอยู่ใน พระโขนง, คลองเตย.

สาธารณูปโภค ประกอบด้วย: สระว่ายน้ำ, ยิม, รปภ. 24 ชม., ที่จอดรถ, ระเบียง และ ห้องอบซาวน่า.
หมายเลขโทรศัพท์: แสดงเบอร์โทรศัพท์",2006_02.jpg,images\2006\2006_02.jpg,https://pix.dotproperty.co.th/eyJidWNrZXQiOiJwcmQtbGlmdWxsY29ubmVjdC1iYWNrZW5kLWIyYi1pbWFnZXMiLCJrZXkiOiJpbmdlc3Rlci8wMTk0YzA2MC0yYTRmLTdlZmMtODJhOC05MGUxZGRlYWM0NDQvZTBjNWZmNzk1MTQwZDUzYmVhYTMyZjgwNjM5ZmNmNDQ2YTQxYjMzMjE1ZjYyYzIzNjUyNmViZTkxNWM5ODViNy53ZWJwIiwiYnJhbmQiOiJkb3Rwcm9wZXJ0eSIsImVkaXRzIjp7InJvdGF0ZSI6bnVsbCwicmVzaXplIjp7IndpZHRoIjoyNzUsImhlaWdodCI6MTU1LCJmaXQiOiJjb3ZlciJ9fX0=
2006,ให้เช่าคอนโด ดิ แอดเดรส สุขุมวิท 42 1 ห้องนอน ใกล้ BTS เอกมัย,"ราคาเช่า: ฿ 20,000 / เดือน","ให้เช่าคอนโด ขนาด 45 ตารางเมตร, ซึ่งประกอบด้วย 1 ห้องนอน และ 1 ห้องน้ำ ตั้งอยู่ใน พระโขนง, คลองเตย.

สาธารณูปโภค ประกอบด้วย: สระว่ายน้ำ, ยิม, รปภ. 24 ชม., ที่จอดรถ, ระเบียง และ ห้องอบซาวน่า.
หมายเลขโทรศัพท์: แสดงเบอร์โทรศัพท์",2006_03.jpg,images\2006\2006_03.jpg,https://pix.dotproperty.co.th/eyJidWNrZXQiOiJwcmQtbGlmdWxsY29ubmVjdC1iYWNrZW5kLWIyYi1pbWFnZXMiLCJrZXkiOiJpbmdlc3Rlci8wMTk0YzA2MC0yYTRmLTdlZmMtODJhOC05MGUxZGRlYWM0NDQvNzhiNmQ4YWU4NzYwMGFhMGFlZmNlMjAwNTlkMDYzMWM3NDliODA1MDdhNzQzNzE3ZGQxYTllYThmZDI2ZmRjYi53ZWJwIiwiYnJhbmQiOiJkb3Rwcm9wZXJ0eSIsImVkaXRzIjp7InJvdGF0ZSI6bnVsbCwicmVzaXplIjp7IndpZHRoIjoyNzUsImhlaWdodCI6MTU1LCJmaXQiOiJjb3ZlciJ9fX0=
A99568,คอนโด 3 ห้องนอนให้เช่าที่ เดอะพาร์คชิดลม,"ราคาเช่า: ฿ 280,000 / เดือน","โครงการ : เดอะ พาร์ค ชิดลม
3 ห้องนอน 4 ห้องน้ำ
พื้นที่ใช้สอย : 310 ตร.ม.

ให้เช่า : 280,000 บาท/เดือน

Contact for more information :
Call/Whatsapp/ : แสดงเบอร์โทรศัพท์

Email : สอบถามรายละเอียด
Facebook : @npprealtyandconsultants
Youtube : NPP Realty & Consultants
Website :",A99568_01.jpg,images\A99568\A99568_01.jpg,https://pix.dotproperty.co.th/eyJidWNrZXQiOiJwcmQtbGlmdWxsY29ubmVjdC1iYWNrZW5kLWIyYi1pbWFnZXMiLCJrZXkiOiJwcm9wZXJ0aWVzLzAxOTRiYmQ4LTMyMzQtNzg4My1iNGQ5LTJhYzI3N2JkZjg2Mi8wMTk0YmJkOC00OWFhLTczZWQtYmI5Ni1jOWRhNTM5ZTNiMzkuanBnIiwiYnJhbmQiOiJkb3Rwcm9wZXJ0eSIsImVkaXRzIjp7InJvdGF0ZSI6bnVsbCwicmVzaXplIjp7IndpZHRoIjo0OTAsImhlaWdodCI6MzI1LCJmaXQiOiJjb3ZlciJ9fX0=
A99568,คอนโด 3 ห้องนอนให้เช่าที่ เดอะพาร์คชิดลม,"ราคาเช่า: ฿ 280,000 / เดือน","โครงการ : เดอะ พาร์ค ชิดลม
3 ห้องนอน 4 ห้องน้ำ
พื้นที่ใช้สอย : 310 ตร.ม.

ให้เช่า : 280,000 บาท/เดือน

Contact for more information :
Call/Whatsapp/ : แสดงเบอร์โทรศัพท์

Email : สอบถามรายละเอียด
Facebook : @npprealtyandconsultants
Youtube : NPP Realty & Consultants
Website :",A99568_02.jpg,images\A99568\A99568_02.jpg,https://pix.dotproperty.co.th/eyJidWNrZXQiOiJwcmQtbGlmdWxsY29ubmVjdC1iYWNrZW5kLWIyYi1pbWFnZXMiLCJrZXkiOiJwcm9wZXJ0aWVzLzAxOTRiYmQ4LTMyMzQtNzg4My1iNGQ5LTJhYzI3N2JkZjg2Mi8wMTk0YmJkOC00YWEzLTcwNDktOWVjMy1kYzMyMGRjYTg2Y2EuanBnIiwiYnJhbmQiOiJkb3Rwcm9wZXJ0eSIsImVkaXRzIjp7InJvdGF0ZSI6bnVsbCwicmVzaXplIjp7IndpZHRoIjoyNzUsImhlaWdodCI6MTU1LCJmaXQiOiJjb3ZlciJ9fX0=
A99568,คอนโด 3 ห้องนอนให้เช่าที่ เดอะพาร์คชิดลม,"ราคาเช่า: ฿ 280,000 / เดือน","โครงการ : เดอะ พาร์ค ชิดลม
3 ห้องนอน 4 ห้องน้ำ
พื้นที่ใช้สอย : 310 ตร.ม.

ให้เช่า : 280,000 บาท/เดือน

Contact for more information :
Call/Whatsapp/ : แสดงเบอร์โทรศัพท์

Email : สอบถามรายละเอียด
Facebook : @npprealtyandconsultants
Youtube : NPP Realty & Consultants
Website :",A99568_03.jpg,images\A99568\A99568_03.jpg,https://pix.dotproperty.co.th/eyJidWNrZXQiOiJwcmQtbGlmdWxsY29ubmVjdC1iYWNrZW5kLWIyYi1pbWFnZXMiLCJrZXkiOiJwcm9wZXJ0aWVzLzAxOTRiYmQ4LTMyMzQtNzg4My1iNGQ5LTJhYzI3N2JkZjg2Mi8wMTk0YmJkOC00YWZhLTczYjQtYWNkZC04N2U3ZDJlZDNlOGMuanBnIiwiYnJhbmQiOiJkb3Rwcm9wZXJ0eSIsImVkaXRzIjp7InJvdGF0ZSI6bnVsbCwicmVzaXplIjp7IndpZHRoIjoyNzUsImhlaWdodCI6MTU1LCJmaXQiOiJjb3ZlciJ9fX0=
A99568,คอนโด 3 ห้องนอนให้เช่าที่ เดอะพาร์คชิดลม,"ราคาเช่า: ฿ 280,000 / เดือน","โครงการ : เดอะ พาร์ค ชิดลม
3 ห้องนอน 4 ห้องน้ำ
พื้นที่ใช้สอย : 310 ตร.ม.

ให้เช่า : 280,000 บาท/เดือน

Contact for more information :
Call/Whatsapp/ : แสดงเบอร์โทรศัพท์

Email : สอบถามรายละเอียด
Facebook : @npprealtyandconsultants
Youtube : NPP Realty & Consultants
Website :",A99568_04.jpg,images\A99568\A99568_04.jpg,https://pix.dotproperty.co.th/eyJidWNrZXQiOiJwcmQtbGlmdWxsY29ubmVjdC1iYWNrZW5kLWIyYi1pbWFnZXMiLCJrZXkiOiJmbG9vci1wbGFucy8wMTk0YmJkOC0zMjM0LTc4ODMtYjRkOS0yYWMyNzdiZGY4NjIvMDE5NGJiZDgtNGRhMi03MmFhLWFjMWQtYTRiY2JhODAyNTljLnBuZyIsImJyYW5kIjoiZG90cHJvcGVydHkiLCJlZGl0cyI6eyJyb3RhdGUiOm51bGwsInJlc2l6ZSI6eyJ3aWR0aCI6NzgwLCJoZWlnaHQiOjUyMCwiZml0IjoiY292ZXIifX19
A99559,ปล่อยเช่าคอนโด 3 ห้องนอนที่ วัน แบงค็อก,"ราคาเช่า: ฿ 950,000 / เดือน","โครงการ : วัน แบงค็อก
3 ห้องนอน 4 ห้องน้ำ
พื้นที่ใช้สอย : 226 ตร.ม.
ชั้นสูง : วิวสวนลุมพินี

เช่า : 950,000 บาท/เดือน

**พร้อมเข้าอยู่ : เมษายน 2568**

Contact for more information :
Call/Whatsapp/ : แสดงเบอร์โทรศัพท์

Email : สอบถามรายละเอียด
Facebook : @npprealtyandconsultants
Youtube : NPP Realty & Consultants
Website :",A99559_01.jpg,images\A99559\A99559_01.jpg,https://pix.dotproperty.co.th/eyJidWNrZXQiOiJwcmQtbGlmdWxsY29ubmVjdC1iYWNrZW5kLWIyYi1pbWFnZXMiLCJrZXkiOiJwcm9wZXJ0aWVzLzAxOTRiYmFmLWNjMTUtNzg4My1iNGQ5LTAzZTM1NmYyNjdmNi8wMTk0YmJhZi1lOWFjLTcwN2ItYmJlNC1jOTk3Njc5MTQ1Y2YuanBnIiwiYnJhbmQiOiJkb3Rwcm9wZXJ0eSIsImVkaXRzIjp7InJvdGF0ZSI6bnVsbCwicmVzaXplIjp7IndpZHRoIjo0OTAsImhlaWdodCI6MzI1LCJmaXQiOiJjb3ZlciJ9fX0=
A99559,ปล่อยเช่าคอนโด 3 ห้องนอนที่ วัน แบงค็อก,"ราคาเช่า: ฿ 950,000 / เดือน","โครงการ : วัน แบงค็อก
3 ห้องนอน 4 ห้องน้ำ
พื้นที่ใช้สอย : 226 ตร.ม.
ชั้นสูง : วิวสวนลุมพินี

เช่า : 950,000 บาท/เดือน

**พร้อมเข้าอยู่ : เมษายน 2568**

Contact for more information :
Call/Whatsapp/ : แสดงเบอร์โทรศัพท์

Email : สอบถามรายละเอียด
Facebook : @npprealtyandconsultants
Youtube : NPP Realty & Consultants
Website :",A99559_02.jpg,images\A99559\A99559_02.jpg,https://pix.dotproperty.co.th/eyJidWNrZXQiOiJwcmQtbGlmdWxsY29ubmVjdC1iYWNrZW5kLWIyYi1pbWFnZXMiLCJrZXkiOiJwcm9wZXJ0aWVzLzAxOTRiYmFmLWNjMTUtNzg4My1iNGQ5LTAzZTM1NmYyNjdmNi8wMTk0YmJhZi1lYTlkLTcwMTAtYmU3OS1mMjk3NThjNmRmYzYuanBnIiwiYnJhbmQiOiJkb3Rwcm9wZXJ0eSIsImVkaXRzIjp7InJvdGF0ZSI6bnVsbCwicmVzaXplIjp7IndpZHRoIjoyNzUsImhlaWdodCI6MTU1LCJmaXQiOiJjb3ZlciJ9fX0=
A99559,ปล่อยเช่าคอนโด 3 ห้องนอนที่ วัน แบงค็อก,"ราคาเช่า: ฿ 950,000 / เดือน","โครงการ : วัน แบงค็อก
3 ห้องนอน 4 ห้องน้ำ
พื้นที่ใช้สอย : 226 ตร.ม.
ชั้นสูง : วิวสวนลุมพินี

เช่า : 950,000 บาท/เดือน

**พร้อมเข้าอยู่ : เมษายน 2568**

Contact for more information :
Call/Whatsapp/ : แสดงเบอร์โทรศัพท์

Email : สอบถามรายละเอียด
Facebook : @npprealtyandconsultants
Youtube : NPP Realty & Consultants
Website :",A99559_03.jpg,images\A99559\A99559_03.jpg,https://pix.dotproperty.co.th/eyJidWNrZXQiOiJwcmQtbGlmdWxsY29ubmVjdC1iYWNrZW5kLWIyYi1pbWFnZXMiLCJrZXkiOiJwcm9wZXJ0aWVzLzAxOTRiYmFmLWNjMTUtNzg4My1iNGQ5LTAzZTM1NmYyNjdmNi8wMTk0YmJhZi1lYWVkLTcxY2MtOTEwNy00ZTE0NzE5NGE4ZTYuanBnIiwiYnJhbmQiOiJkb3Rwcm9wZXJ0eSIsImVkaXRzIjp7InJvdGF0ZSI6bnVsbCwicmVzaXplIjp7IndpZHRoIjoyNzUsImhlaWdodCI6MTU1LCJmaXQiOiJjb3ZlciJ9fX0=
A99559,ปล่อยเช่าคอนโด 3 ห้องนอนที่ วัน แบงค็อก,"ราคาเช่า: ฿ 950,000 / เดือน","โครงการ : วัน แบงค็อก
3 ห้องนอน 4 ห้องน้ำ
พื้นที่ใช้สอย : 226 ตร.ม.
ชั้นสูง : วิวสวนลุมพินี

เช่า : 950,000 บาท/เดือน

**พร้อมเข้าอยู่ : เมษายน 2568**

Contact for more information :
Call/Whatsapp/ : แสดงเบอร์โทรศัพท์

Email : สอบถามรายละเอียด
Facebook : @npprealtyandconsultants
Youtube : NPP Realty & Consultants
Website :",A99559_04.jpg,images\A99559\A99559_04.jpg,https://pix.dotproperty.co.th/eyJidWNrZXQiOiJwcmQtbGlmdWxsY29ubmVjdC1iYWNrZW5kLWIyYi1pbWFnZXMiLCJrZXkiOiJmbG9vci1wbGFucy8wMTk0YmJhZi1jYzE1LTc4ODMtYjRkOS0wM2UzNTZmMjY3ZjYvMDE5NGJiYWYtZWUwYi03MjA3LTkzMWQtODlhZGY4ZTYxODI1LmpwZyIsImJyYW5kIjoiZG90cHJvcGVydHkiLCJlZGl0cyI6eyJyb3RhdGUiOm51bGwsInJlc2l6ZSI6eyJ3aWR0aCI6NzgwLCJoZWlnaHQiOjUyMCwiZml0IjoiY292ZXIifX19
A99559,ปล่อยเช่าคอนโด 3 ห้องนอนที่ วัน แบงค็อก,"ราคาเช่า: ฿ 950,000 / เดือน","โครงการ : วัน แบงค็อก
3 ห้องนอน 4 ห้องน้ำ
พื้นที่ใช้สอย : 226 ตร.ม.
ชั้นสูง : วิวสวนลุมพินี

เช่า : 950,000 บาท/เดือน

**พร้อมเข้าอยู่ : เมษายน 2568**

Contact for more information :
Call/Whatsapp/ : แสดงเบอร์โทรศัพท์

Email : สอบถามรายละเอียด
Facebook : @npprealtyandconsultants
Youtube : NPP Realty & Consultants
Website :",A99559_05.jpg,images\A99559\A99559_05.jpg,https://pix.dotproperty.co.th/eyJidWNrZXQiOiJwcmQtbGlmdWxsY29ubmVjdC1iYWNrZW5kLWIyYi1pbWFnZXMiLCJrZXkiOiJmbG9vci1wbGFucy8wMTk0YmJhZi1jYzE1LTc4ODMtYjRkOS0wM2UzNTZmMjY3ZjYvMDE5NGJiYWYtZWU1MC03MThlLWEzZGUtYjczOGM4MjMxMDZlLnBuZyIsImJyYW5kIjoiZG90cHJvcGVydHkiLCJlZGl0cyI6eyJyb3RhdGUiOm51bGwsInJlc2l6ZSI6eyJ3aWR0aCI6NzgwLCJoZWlnaHQiOjUyMCwiZml0IjoiY292ZXIifX19
A99562,วัน แบงค็อก : คอนโด 2 ห้องนอนให้เช่า,"ราคาเช่า: ฿ 580,000 / เดือน","โครงการ : วัน แบงค็อก
2 ห้องนอน 3 ห้องน้ำ
พื้นที่ใช้สอย : 151.01 ตร.ม.
ชั้นสูง

เช่า : 580,000 บาท/เดือน

**พร้อมเข้าอยู่ : เมษายน 2568**

Contact for more information :
Call/Whatsapp/ : แสดงเบอร์โทรศัพท์

Email : สอบถามรายละเอียด
Facebook : @npprealtyandconsultants
Youtube : NPP Realty & Consultants
Website :",A99562_01.jpg,images\A99562\A99562_01.jpg,https://pix.dotproperty.co.th/eyJidWNrZXQiOiJwcmQtbGlmdWxsY29ubmVjdC1iYWNrZW5kLWIyYi1pbWFnZXMiLCJrZXkiOiJwcm9wZXJ0aWVzLzAxOTRiYmNjLTlmMTktNzg4My1iNGQ5LTEwZTM5MzM0ZDA0Yi8wMTk0YmJjYy1iN2UzLTcxNzItYjQwMy03YTdlMzBlMzYzMGIuanBnIiwiYnJhbmQiOiJkb3Rwcm9wZXJ0eSIsImVkaXRzIjp7InJvdGF0ZSI6bnVsbCwicmVzaXplIjp7IndpZHRoIjo0OTAsImhlaWdodCI6MzI1LCJmaXQiOiJjb3ZlciJ9fX0=
A99562,วัน แบงค็อก : คอนโด 2 ห้องนอนให้เช่า,"ราคาเช่า: ฿ 580,000 / เดือน","โครงการ : วัน แบงค็อก
2 ห้องนอน 3 ห้องน้ำ
พื้นที่ใช้สอย : 151.01 ตร.ม.
ชั้นสูง

เช่า : 580,000 บาท/เดือน

**พร้อมเข้าอยู่ : เมษายน 2568**

Contact for more information :
Call/Whatsapp/ : แสดงเบอร์โทรศัพท์

Email : สอบถามรายละเอียด
Facebook : @npprealtyandconsultants
Youtube : NPP Realty & Consultants
Website :",A99562_02.jpg,images\A99562\A99562_02.jpg,https://pix.dotproperty.co.th/eyJidWNrZXQiOiJwcmQtbGlmdWxsY29ubmVjdC1iYWNrZW5kLWIyYi1pbWFnZXMiLCJrZXkiOiJwcm9wZXJ0aWVzLzAxOTRiYmNjLTlmMTktNzg4My1iNGQ5LTEwZTM5MzM0ZDA0Yi8wMTk0YmJjYy1iOGY3LTcxNDQtYTYwNi04ZmFjY2Q0NmUxM2UuanBnIiwiYnJhbmQiOiJkb3Rwcm9wZXJ0eSIsImVkaXRzIjp7InJvdGF0ZSI6bnVsbCwicmVzaXplIjp7IndpZHRoIjoyNzUsImhlaWdodCI6MTU1LCJmaXQiOiJjb3ZlciJ9fX0=
A99562,วัน แบงค็อก : คอนโด 2 ห้องนอนให้เช่า,"ราคาเช่า: ฿ 580,000 / เดือน","โครงการ : วัน แบงค็อก
2 ห้องนอน 3 ห้องน้ำ
พื้นที่ใช้สอย : 151.01 ตร.ม.
ชั้นสูง

เช่า : 580,000 บาท/เดือน

**พร้อมเข้าอยู่ : เมษายน 2568**

Contact for more information :
Call/Whatsapp/ : แสดงเบอร์โทรศัพท์

Email : สอบถามรายละเอียด
Facebook : @npprealtyandconsultants
Youtube : NPP Realty & Consultants
Website :",A99562_03.jpg,images\A99562\A99562_03.jpg,https://pix.dotproperty.co.th/eyJidWNrZXQiOiJwcmQtbGlmdWxsY29ubmVjdC1iYWNrZW5kLWIyYi1pbWFnZXMiLCJrZXkiOiJwcm9wZXJ0aWVzLzAxOTRiYmNjLTlmMTktNzg4My1iNGQ5LTEwZTM5MzM0ZDA0Yi8wMTk0YmJjYy1iOTc4LTcwNWEtYTQwMy0zODYzMWVmNzE2YTguanBnIiwiYnJhbmQiOiJkb3Rwcm9wZXJ0eSIsImVkaXRzIjp7InJvdGF0ZSI6bnVsbCwicmVzaXplIjp7IndpZHRoIjoyNzUsImhlaWdodCI6MTU1LCJmaXQiOiJjb3ZlciJ9fX0=
A99562,วัน แบงค็อก : คอนโด 2 ห้องนอนให้เช่า,"ราคาเช่า: ฿ 580,000 / เดือน","โครงการ : วัน แบงค็อก
2 ห้องนอน 3 ห้องน้ำ
พื้นที่ใช้สอย : 151.01 ตร.ม.
ชั้นสูง

เช่า : 580,000 บาท/เดือน

**พร้อมเข้าอยู่ : เมษายน 2568**

Contact for more information :
Call/Whatsapp/ : แสดงเบอร์โทรศัพท์

Email : สอบถามรายละเอียด
Facebook : @npprealtyandconsultants
Youtube : NPP Realty & Consultants
Website :",A99562_04.jpg,images\A99562\A99562_04.jpg,https://pix.dotproperty.co.th/eyJidWNrZXQiOiJwcmQtbGlmdWxsY29ubmVjdC1iYWNrZW5kLWIyYi1pbWFnZXMiLCJrZXkiOiJmbG9vci1wbGFucy8wMTk0YmJjYy05ZjE5LTc4ODMtYjRkOS0xMGUzOTMzNGQwNGIvMDE5NGJiY2MtYmNlZC03M2MxLTgxZmYtYWE2YTEzYzM5MzAxLmpwZyIsImJyYW5kIjoiZG90cHJvcGVydHkiLCJlZGl0cyI6eyJyb3RhdGUiOm51bGwsInJlc2l6ZSI6eyJ3aWR0aCI6NzgwLCJoZWlnaHQiOjUyMCwiZml0IjoiY292ZXIifX19
A99562,วัน แบงค็อก : คอนโด 2 ห้องนอนให้เช่า,"ราคาเช่า: ฿ 580,000 / เดือน","โครงการ : วัน แบงค็อก
2 ห้องนอน 3 ห้องน้ำ
พื้นที่ใช้สอย : 151.01 ตร.ม.
ชั้นสูง

เช่า : 580,000 บาท/เดือน

**พร้อมเข้าอยู่ : เมษายน 2568**

Contact for more information :
Call/Whatsapp/ : แสดงเบอร์โทรศัพท์

Email : สอบถามรายละเอียด
Facebook : @npprealtyandconsultants
Youtube : NPP Realty & Consultants
Website :",A99562_05.jpg,images\A99562\A99562_05.jpg,https://pix.dotproperty.co.th/eyJidWNrZXQiOiJwcmQtbGlmdWxsY29ubmVjdC1iYWNrZW5kLWIyYi1pbWFnZXMiLCJrZXkiOiJmbG9vci1wbGFucy8wMTk0YmJjYy05ZjE5LTc4ODMtYjRkOS0xMGUzOTMzNGQwNGIvMDE5NGJiY2MtYmQyNy03MGI1LThmMTItMjBmMzZiYmNmMmMzLnBuZyIsImJyYW5kIjoiZG90cHJvcGVydHkiLCJlZGl0cyI6eyJyb3RhdGUiOm51bGwsInJlc2l6ZSI6eyJ3aWR0aCI6NzgwLCJoZWlnaHQiOjUyMCwiZml0IjoiY292ZXIifX19
0195e56d-7186-7885-8516-c3ff40e9043f,ให้เช่าคอนโด 2 ห้องนอน ใกล้ BTS ทองหล่อ,"ราคาเช่า: ฿ 70,000 / เดือน","ให้เช่าคอนโด ขนาด 90 ตารางเมตร, ซึ่งประกอบด้วย 2 ห้องนอน และ 2 ห้องน้ำ ตั้งอยู่ใน คลองตัน, คลองเตย.

สาธารณูปโภค ประกอบด้วย: สระว่ายน้ำ, เครื่องปรับอากาศ, ยิม, รปภ. 24 ชม., ที่จอดรถ, ระเบียง, ห้องอบซาวน่า, พื้นที่สำหรับเด็ก, ห้องครัวพร้อมอุปกรณ์, ไฟฟ้า, ลิฟต์, น้ำ, ครัวบิวท์อิน และ จากุซซี่.
หมายเลขโทรศัพท์: แสดงเบอร์โทรศัพท์",0195e56d-7186-7885-8516-c3ff40e9043f_01.jpg,images\0195e56d-7186-7885-8516-c3ff40e9043f\0195e56d-7186-7885-8516-c3ff40e9043f_01.jpg,https://pix.dotproperty.co.th/eyJidWNrZXQiOiJwcmQtbGlmdWxsY29ubmVjdC1iYWNrZW5kLWIyYi1pbWFnZXMiLCJrZXkiOiJwcm9wZXJ0aWVzLzAxOTVlNTZkLTcxODYtNzg4NS04NTE2LWMzZmY0MGU5MDQzZi8wMTk1ZTU2ZC1jZmJjLTcwOGItODEzNC0wYzczZDJhN2QxNGIuanBnIiwiYnJhbmQiOiJkb3Rwcm9wZXJ0eSIsImVkaXRzIjp7InJvdGF0ZSI6bnVsbCwicmVzaXplIjp7IndpZHRoIjo0OTAsImhlaWdodCI6MzI1LCJmaXQiOiJjb3ZlciJ9fX0=
0195e56d-7186-7885-8516-c3ff40e9043f,ให้เช่าคอนโด 2 ห้องนอน ใกล้ BTS ทองหล่อ,"ราคาเช่า: ฿ 70,000 / เดือน","ให้เช่าคอนโด ขนาด 90 ตารางเมตร, ซึ่งประกอบด้วย 2 ห้องนอน และ 2 ห้องน้ำ ตั้งอยู่ใน คลองตัน, คลองเตย.

สาธารณูปโภค ประกอบด้วย: สระว่ายน้ำ, เครื่องปรับอากาศ, ยิม, รปภ. 24 ชม., ที่จอดรถ, ระเบียง, ห้องอบซาวน่า, พื้นที่สำหรับเด็ก, ห้องครัวพร้อมอุปกรณ์, ไฟฟ้า, ลิฟต์, น้ำ, ครัวบิวท์อิน และ จากุซซี่.
หมายเลขโทรศัพท์: แสดงเบอร์โทรศัพท์",0195e56d-7186-7885-8516-c3ff40e9043f_02.jpg,images\0195e56d-7186-7885-8516-c3ff40e9043f\0195e56d-7186-7885-8516-c3ff40e9043f_02.jpg,https://pix.dotproperty.co.th/eyJidWNrZXQiOiJwcmQtbGlmdWxsY29ubmVjdC1iYWNrZW5kLWIyYi1pbWFnZXMiLCJrZXkiOiJwcm9wZXJ0aWVzLzAxOTVlNTZkLTcxODYtNzg4NS04NTE2LWMzZmY0MGU5MDQzZi8wMTk1ZTU2ZC1kMDgzLTcxNzEtYmQ0MS00MDViOGQzMmRmMjQuanBnIiwiYnJhbmQiOiJkb3Rwcm9wZXJ0eSIsImVkaXRzIjp7InJvdGF0ZSI6bnVsbCwicmVzaXplIjp7IndpZHRoIjoyNzUsImhlaWdodCI6MTU1LCJmaXQiOiJjb3ZlciJ9fX0=
0195e56d-7186-7885-8516-c3ff40e9043f,ให้เช่าคอนโด 2 ห้องนอน ใกล้ BTS ทองหล่อ,"ราคาเช่า: ฿ 70,000 / เดือน","ให้เช่าคอนโด ขนาด 90 ตารางเมตร, ซึ่งประกอบด้วย 2 ห้องนอน และ 2 ห้องน้ำ ตั้งอยู่ใน คลองตัน, คลองเตย.

สาธารณูปโภค ประกอบด้วย: สระว่ายน้ำ, เครื่องปรับอากาศ, ยิม, รปภ. 24 ชม., ที่จอดรถ, ระเบียง, ห้องอบซาวน่า, พื้นที่สำหรับเด็ก, ห้องครัวพร้อมอุปกรณ์, ไฟฟ้า, ลิฟต์, น้ำ, ครัวบิวท์อิน และ จากุซซี่.
หมายเลขโทรศัพท์: แสดงเบอร์โทรศัพท์",0195e56d-7186-7885-8516-c3ff40e9043f_03.jpg,images\0195e56d-7186-7885-8516-c3ff40e9043f\0195e56d-7186-7885-8516-c3ff40e9043f_03.jpg,https://pix.dotproperty.co.th/eyJidWNrZXQiOiJwcmQtbGlmdWxsY29ubmVjdC1iYWNrZW5kLWIyYi1pbWFnZXMiLCJrZXkiOiJwcm9wZXJ0aWVzLzAxOTVlNTZkLTcxODYtNzg4NS04NTE2LWMzZmY0MGU5MDQzZi8wMTk1ZTU2ZC1kMGI0LTcwNmItODEzZS1iYzNiMjI5Y2JiYjMuanBnIiwiYnJhbmQiOiJkb3Rwcm9wZXJ0eSIsImVkaXRzIjp7InJvdGF0ZSI6bnVsbCwicmVzaXplIjp7IndpZHRoIjoyNzUsImhlaWdodCI6MTU1LCJmaXQiOiJjb3ZlciJ9fX0=
AP 374,Modern Luxury and Rare Unit at The Reserve 61 Hideaway,"ราคาเช่า: ฿ 150,000 / เดือน","Modern Luxury 3 bedrooms unit , Closed to BTS Ekkamai 📍

Details,
3 bedrooms 3 bathrooms
Size of 134 sq.m
Fully Furnished
Rent of 150K THB / month
Minimum of 2 years contract

Kindly Contact to Visit,

WhatsApp: แสดงเบอร์โทรศัพท์",AP 374_01.jpg,images\AP 374\AP 374_01.jpg,https://pix.dotproperty.co.th/eyJidWNrZXQiOiJwcmQtbGlmdWxsY29ubmVjdC1iYWNrZW5kLWIyYi1pbWFnZXMiLCJrZXkiOiJwcm9wZXJ0aWVzLzAxOTVhZDNkLTMyMjUtN2NjMy1iYzM1LTQyODhjYzM3NGE3My8wMTk1YWQzZC1lOTkzLTcyMDYtYmI0My0yZGRjOWQwMDQ3ZjkuanBnIiwiYnJhbmQiOiJkb3Rwcm9wZXJ0eSIsImVkaXRzIjp7InJvdGF0ZSI6bnVsbCwicmVzaXplIjp7IndpZHRoIjo0OTAsImhlaWdodCI6MzI1LCJmaXQiOiJjb3ZlciJ9fX0=
AP 374,Modern Luxury and Rare Unit at The Reserve 61 Hideaway,"ราคาเช่า: ฿ 150,000 / เดือน","Modern Luxury 3 bedrooms unit , Closed to BTS Ekkamai 📍

Details,
3 bedrooms 3 bathrooms
Size of 134 sq.m
Fully Furnished
Rent of 150K THB / month
Minimum of 2 years contract

Kindly Contact to Visit,

WhatsApp: แสดงเบอร์โทรศัพท์",AP 374_02.jpg,images\AP 374\AP 374_02.jpg,https://pix.dotproperty.co.th/eyJidWNrZXQiOiJwcmQtbGlmdWxsY29ubmVjdC1iYWNrZW5kLWIyYi1pbWFnZXMiLCJrZXkiOiJwcm9wZXJ0aWVzLzAxOTVhZDNkLTMyMjUtN2NjMy1iYzM1LTQyODhjYzM3NGE3My8wMTk1YWQzZC1lYWI2LTcxNzgtOGExOS0wOTViZjdkMmNjNDMuanBnIiwiYnJhbmQiOiJkb3Rwcm9wZXJ0eSIsImVkaXRzIjp7InJvdGF0ZSI6bnVsbCwicmVzaXplIjp7IndpZHRoIjoyNzUsImhlaWdodCI6MTU1LCJmaXQiOiJjb3ZlciJ9fX0=
AP 374,Modern Luxury and Rare Unit at The Reserve 61 Hideaway,"ราคาเช่า: ฿ 150,000 / เดือน","Modern Luxury 3 bedrooms unit , Closed to BTS Ekkamai 📍

Details,
3 bedrooms 3 bathrooms
Size of 134 sq.m
Fully Furnished
Rent of 150K THB / month
Minimum of 2 years contract

Kindly Contact to Visit,

WhatsApp: แสดงเบอร์โทรศัพท์",AP 374_03.jpg,images\AP 374\AP 374_03.jpg,https://pix.dotproperty.co.th/eyJidWNrZXQiOiJwcmQtbGlmdWxsY29ubmVjdC1iYWNrZW5kLWIyYi1pbWFnZXMiLCJrZXkiOiJwcm9wZXJ0aWVzLzAxOTVhZDNkLTMyMjUtN2NjMy1iYzM1LTQyODhjYzM3NGE3My8wMTk1YWQzZC1lYjFhLTczNDYtYjhiNy0yNTZjZGE5YzBjYTAuanBnIiwiYnJhbmQiOiJkb3Rwcm9wZXJ0eSIsImVkaXRzIjp7InJvdGF0ZSI6bnVsbCwicmVzaXplIjp7IndpZHRoIjoyNzUsImhlaWdodCI6MTU1LCJmaXQiOiJjb3ZlciJ9fX0=
BREF-M00744,🔥โปรโมชั่นพิเศษ! คอนโด 28 ชิดลม ให้เช่า ติดรถไฟฟ้า,"ราคาเช่า: ฿ 110,000 / เดือน","🌃 Project โครงการ: 28 Chidlom / 28 ชิดลม
▪️Type ประเภท: 2 Bedroom / ห้องนอน, 2 Bathroom / ห้องน้ำ
▪️Size ขนาด: 80 Sq.m. / ตรม
▪️Floor ชั้น: -
📍Location พิกัด: ซอยชิดลม / Chidlom
🚆BTS สถานีรถไฟฟ้าใกล้สุด: Chidlom / ชิดลม
🔥Rental Price ราคาเช่า: 110,000 THB / month / เดือน
— — — — — — — — — — —
CODE: BREF-M00744
— — — — — — — — — — —
For more information, please contact us. 如需私人参观，请联系我们。
𝐓𝐇𝐄 𝐁𝐑𝐈𝐆𝐇𝐓 𝐑𝐄𝐀𝐋 𝐄𝐒𝐓𝐀𝐓𝐄 (𝐁𝐑𝐄 𝐀𝐆𝐄𝐍𝐂𝐘)
▪️𝐌𝐨𝐛𝐢𝐥𝐞: แสดงเบอร์โทรศัพท์
(Thai/English)
▪️𝐋𝐢𝐧𝐞 𝐎𝐀: @breagency or
▪️𝐄-𝐦𝐚𝐢𝐥: สอบถามรายละเอียด
▪️𝐖𝐞𝐛𝐬𝐢𝐭𝐞:
▪️𝐈𝐧𝐬𝐭𝐚𝐠𝐫𝐚𝐦: bre.agency
▪️𝐅𝐚𝐜𝐞𝐛𝐨𝐨𝐤: thebrightrealestate
— — — — — — — — — — —
ตัวแทนนายหน้า ซื้อ-ขาย-เช่า อสังหาริมทรัพย์ ในประเทศไทย
Buy-Sell-Rent- Properties in Thailand
— — — — — — — — — — —
(Co-agent welcome)

— — — — — — — — — — —

#condobangkok #condoforrent #hotdeal #condoforsale #breagency #Bestpricecondo #condorental #คอนโดใกล้รถไฟฟ้า #คอนโดใหม่ #Condobangkok #sukhumvit #condorama9 #Condoploenchit #condochidlom #condocbd #condoratchada #condonearmrt #propertybangkok #propertythailandforsaleandrent #28Chidlom #28chidlom",BREF-M00744_01.jpg,images\BREF-M00744\BREF-M00744_01.jpg,https://pix.dotproperty.co.th/eyJidWNrZXQiOiJwcmQtbGlmdWxsY29ubmVjdC1iYWNrZW5kLWIyYi1pbWFnZXMiLCJrZXkiOiJwcm9wZXJ0aWVzLzE0OWUxNGJkLTE4Y2QtNDg2Ny1hODViLTcxOGQ2NGI5ZjQ5My9kMWY0MGExNi0zYjU0LTRhMTctOTU4NC0xNzMxZTlmNmFiYTguanBnIiwiYnJhbmQiOiJkb3Rwcm9wZXJ0eSIsImVkaXRzIjp7InJvdGF0ZSI6bnVsbCwicmVzaXplIjp7IndpZHRoIjo0OTAsImhlaWdodCI6MzI1LCJmaXQiOiJjb3ZlciJ9fX0=
BREF-M00744,🔥โปรโมชั่นพิเศษ! คอนโด 28 ชิดลม ให้เช่า ติดรถไฟฟ้า,"ราคาเช่า: ฿ 110,000 / เดือน","🌃 Project โครงการ: 28 Chidlom / 28 ชิดลม
▪️Type ประเภท: 2 Bedroom / ห้องนอน, 2 Bathroom / ห้องน้ำ
▪️Size ขนาด: 80 Sq.m. / ตรม
▪️Floor ชั้น: -
📍Location พิกัด: ซอยชิดลม / Chidlom
🚆BTS สถานีรถไฟฟ้าใกล้สุด: Chidlom / ชิดลม
🔥Rental Price ราคาเช่า: 110,000 THB / month / เดือน
— — — — — — — — — — —
CODE: BREF-M00744
— — — — — — — — — — —
For more information, please contact us. 如需私人参观，请联系我们。
𝐓𝐇𝐄 𝐁𝐑𝐈𝐆𝐇𝐓 𝐑𝐄𝐀𝐋 𝐄𝐒𝐓𝐀𝐓𝐄 (𝐁𝐑𝐄 𝐀𝐆𝐄𝐍𝐂𝐘)
▪️𝐌𝐨𝐛𝐢𝐥𝐞: แสดงเบอร์โทรศัพท์
(Thai/English)
▪️𝐋𝐢𝐧𝐞 𝐎𝐀: @breagency or
▪️𝐄-𝐦𝐚𝐢𝐥: สอบถามรายละเอียด
▪️𝐖𝐞𝐛𝐬𝐢𝐭𝐞:
▪️𝐈𝐧𝐬𝐭𝐚𝐠𝐫𝐚𝐦: bre.agency
▪️𝐅𝐚𝐜𝐞𝐛𝐨𝐨𝐤: thebrightrealestate
— — — — — — — — — — —
ตัวแทนนายหน้า ซื้อ-ขาย-เช่า อสังหาริมทรัพย์ ในประเทศไทย
Buy-Sell-Rent- Properties in Thailand
— — — — — — — — — — —
(Co-agent welcome)

— — — — — — — — — — —

#condobangkok #condoforrent #hotdeal #condoforsale #breagency #Bestpricecondo #condorental #คอนโดใกล้รถไฟฟ้า #คอนโดใหม่ #Condobangkok #sukhumvit #condorama9 #Condoploenchit #condochidlom #condocbd #condoratchada #condonearmrt #propertybangkok #propertythailandforsaleandrent #28Chidlom #28chidlom",BREF-M00744_02.jpg,images\BREF-M00744\BREF-M00744_02.jpg,https://pix.dotproperty.co.th/eyJidWNrZXQiOiJwcmQtbGlmdWxsY29ubmVjdC1iYWNrZW5kLWIyYi1pbWFnZXMiLCJrZXkiOiJwcm9wZXJ0aWVzLzE0OWUxNGJkLTE4Y2QtNDg2Ny1hODViLTcxOGQ2NGI5ZjQ5My85MThjZjc3MS0xZGE2LTQyYzUtYTM1YS1mOTk4Zjc5MzJiYjIuanBnIiwiYnJhbmQiOiJkb3Rwcm9wZXJ0eSIsImVkaXRzIjp7InJvdGF0ZSI6bnVsbCwicmVzaXplIjp7IndpZHRoIjoyNzUsImhlaWdodCI6MTU1LCJmaXQiOiJjb3ZlciJ9fX0=
BREF-M00744,🔥โปรโมชั่นพิเศษ! คอนโด 28 ชิดลม ให้เช่า ติดรถไฟฟ้า,"ราคาเช่า: ฿ 110,000 / เดือน","🌃 Project โครงการ: 28 Chidlom / 28 ชิดลม
▪️Type ประเภท: 2 Bedroom / ห้องนอน, 2 Bathroom / ห้องน้ำ
▪️Size ขนาด: 80 Sq.m. / ตรม
▪️Floor ชั้น: -
📍Location พิกัด: ซอยชิดลม / Chidlom
🚆BTS สถานีรถไฟฟ้าใกล้สุด: Chidlom / ชิดลม
🔥Rental Price ราคาเช่า: 110,000 THB / month / เดือน
— — — — — — — — — — —
CODE: BREF-M00744
— — — — — — — — — — —
For more information, please contact us. 如需私人参观，请联系我们。
𝐓𝐇𝐄 𝐁𝐑𝐈𝐆𝐇𝐓 𝐑𝐄𝐀𝐋 𝐄𝐒𝐓𝐀𝐓𝐄 (𝐁𝐑𝐄 𝐀𝐆𝐄𝐍𝐂𝐘)
▪️𝐌𝐨𝐛𝐢𝐥𝐞: แสดงเบอร์โทรศัพท์
(Thai/English)
▪️𝐋𝐢𝐧𝐞 𝐎𝐀: @breagency or
▪️𝐄-𝐦𝐚𝐢𝐥: สอบถามรายละเอียด
▪️𝐖𝐞𝐛𝐬𝐢𝐭𝐞:
▪️𝐈𝐧𝐬𝐭𝐚𝐠𝐫𝐚𝐦: bre.agency
▪️𝐅𝐚𝐜𝐞𝐛𝐨𝐨𝐤: thebrightrealestate
— — — — — — — — — — —
ตัวแทนนายหน้า ซื้อ-ขาย-เช่า อสังหาริมทรัพย์ ในประเทศไทย
Buy-Sell-Rent- Properties in Thailand
— — — — — — — — — — —
(Co-agent welcome)

— — — — — — — — — — —

#condobangkok #condoforrent #hotdeal #condoforsale #breagency #Bestpricecondo #condorental #คอนโดใกล้รถไฟฟ้า #คอนโดใหม่ #Condobangkok #sukhumvit #condorama9 #Condoploenchit #condochidlom #condocbd #condoratchada #condonearmrt #propertybangkok #propertythailandforsaleandrent #28Chidlom #28chidlom",BREF-M00744_03.jpg,images\BREF-M00744\BREF-M00744_03.jpg,https://pix.dotproperty.co.th/eyJidWNrZXQiOiJwcmQtbGlmdWxsY29ubmVjdC1iYWNrZW5kLWIyYi1pbWFnZXMiLCJrZXkiOiJwcm9wZXJ0aWVzLzE0OWUxNGJkLTE4Y2QtNDg2Ny1hODViLTcxOGQ2NGI5ZjQ5My9iN2UzOGJlMy0wMjgzLTQyZGQtOTY5YS0yNDUxYTZlMmMwZmYuanBnIiwiYnJhbmQiOiJkb3Rwcm9wZXJ0eSIsImVkaXRzIjp7InJvdGF0ZSI6bnVsbCwicmVzaXplIjp7IndpZHRoIjoyNzUsImhlaWdodCI6MTU1LCJmaXQiOiJjb3ZlciJ9fX0=
CR-14865,คอนโดให้เช่า 1 นอน 1น้ำ ที่ โนเบิล เพลินจิต,"ราคาเช่า: ฿ 30,000 / เดือน","การเดินทางสะดวกด้วยระบบขนส่งสาธารณะประมาณ15 นาทีจาก สถานีรถไฟฟ้า BTS เพลินจิต ใกล้ๆกันยังมีสถานที่อำนวยความสะดวกสบาย เช่น ร้านค้า ร้านอาหาร ศูนย์การค้า ห้างสรรพสินค้าชั้นนำ และแหล่งช้อปปิ้งต่างๆมากมาย เช่น เอ็มบาสซี่พาร์คพลาซ่า ศูนย์การค้าเพลินจิตเซ็นเตอร์ วิลล่ามาร์เก็ต (เพลินจิตเซ็นเตอร์) ท็อปส์มาร์เก็ต (ออลซีซั่นเพลส)

สิ่งอํานวยความสะดวก
- ที่จอดรถ
- พื้นที่สำหรับเด็ก
- สวน
- ยิม
- ห้องสมุด
- ห้องทำงาน
- ซาวน่า
- ยาม
- สระว่ายน้ำ

แบบห้อง : 1 ห้องนอน 1 ห้องน้ำ
ขนาด : 48 ตารางเมตร
ค่าเช่า : 30,000 บาท/เดือน (สัญญาขั้นต่ำ 1 ปี)
หมายเลขโทรศัพท์: แสดงเบอร์โทรศัพท์",CR-14865_01.jpg,images\CR-14865\CR-14865_01.jpg,https://pix.dotproperty.co.th/eyJidWNrZXQiOiJwcmQtbGlmdWxsY29ubmVjdC1iYWNrZW5kLWIyYi1pbWFnZXMiLCJrZXkiOiJwcm9wZXJ0aWVzLzAxOTYxNGQwLTJmMTgtNzY2Yy1hNzg0LTEzNjRmOWNhOWMwZi8wMTk2MTRkMS0yYzNlLTcxNmEtODRiYi02ZWQ2ZjEzMzIwYjAuanBnIiwiYnJhbmQiOiJkb3Rwcm9wZXJ0eSIsImVkaXRzIjp7InJvdGF0ZSI6bnVsbCwicmVzaXplIjp7IndpZHRoIjo0OTAsImhlaWdodCI6MzI1LCJmaXQiOiJjb3ZlciJ9fX0=
CR-14865,คอนโดให้เช่า 1 นอน 1น้ำ ที่ โนเบิล เพลินจิต,"ราคาเช่า: ฿ 30,000 / เดือน","การเดินทางสะดวกด้วยระบบขนส่งสาธารณะประมาณ15 นาทีจาก สถานีรถไฟฟ้า BTS เพลินจิต ใกล้ๆกันยังมีสถานที่อำนวยความสะดวกสบาย เช่น ร้านค้า ร้านอาหาร ศูนย์การค้า ห้างสรรพสินค้าชั้นนำ และแหล่งช้อปปิ้งต่างๆมากมาย เช่น เอ็มบาสซี่พาร์คพลาซ่า ศูนย์การค้าเพลินจิตเซ็นเตอร์ วิลล่ามาร์เก็ต (เพลินจิตเซ็นเตอร์) ท็อปส์มาร์เก็ต (ออลซีซั่นเพลส)

สิ่งอํานวยความสะดวก
- ที่จอดรถ
- พื้นที่สำหรับเด็ก
- สวน
- ยิม
- ห้องสมุด
- ห้องทำงาน
- ซาวน่า
- ยาม
- สระว่ายน้ำ

แบบห้อง : 1 ห้องนอน 1 ห้องน้ำ
ขนาด : 48 ตารางเมตร
ค่าเช่า : 30,000 บาท/เดือน (สัญญาขั้นต่ำ 1 ปี)
หมายเลขโทรศัพท์: แสดงเบอร์โทรศัพท์",CR-14865_02.jpg,images\CR-14865\CR-14865_02.jpg,https://pix.dotproperty.co.th/eyJidWNrZXQiOiJwcmQtbGlmdWxsY29ubmVjdC1iYWNrZW5kLWIyYi1pbWFnZXMiLCJrZXkiOiJwcm9wZXJ0aWVzLzAxOTYxNGQwLTJmMTgtNzY2Yy1hNzg0LTEzNjRmOWNhOWMwZi8wMTk2MTRkMS0yZDBkLTcyNTAtYWY5NC1iODdmYjhjMTI0MTYuanBnIiwiYnJhbmQiOiJkb3Rwcm9wZXJ0eSIsImVkaXRzIjp7InJvdGF0ZSI6bnVsbCwicmVzaXplIjp7IndpZHRoIjoyNzUsImhlaWdodCI6MTU1LCJmaXQiOiJjb3ZlciJ9fX0=
CR-14865,คอนโดให้เช่า 1 นอน 1น้ำ ที่ โนเบิล เพลินจิต,"ราคาเช่า: ฿ 30,000 / เดือน","การเดินทางสะดวกด้วยระบบขนส่งสาธารณะประมาณ15 นาทีจาก สถานีรถไฟฟ้า BTS เพลินจิต ใกล้ๆกันยังมีสถานที่อำนวยความสะดวกสบาย เช่น ร้านค้า ร้านอาหาร ศูนย์การค้า ห้างสรรพสินค้าชั้นนำ และแหล่งช้อปปิ้งต่างๆมากมาย เช่น เอ็มบาสซี่พาร์คพลาซ่า ศูนย์การค้าเพลินจิตเซ็นเตอร์ วิลล่ามาร์เก็ต (เพลินจิตเซ็นเตอร์) ท็อปส์มาร์เก็ต (ออลซีซั่นเพลส)

สิ่งอํานวยความสะดวก
- ที่จอดรถ
- พื้นที่สำหรับเด็ก
- สวน
- ยิม
- ห้องสมุด
- ห้องทำงาน
- ซาวน่า
- ยาม
- สระว่ายน้ำ

แบบห้อง : 1 ห้องนอน 1 ห้องน้ำ
ขนาด : 48 ตารางเมตร
ค่าเช่า : 30,000 บาท/เดือน (สัญญาขั้นต่ำ 1 ปี)
หมายเลขโทรศัพท์: แสดงเบอร์โทรศัพท์",CR-14865_03.jpg,images\CR-14865\CR-14865_03.jpg,https://pix.dotproperty.co.th/eyJidWNrZXQiOiJwcmQtbGlmdWxsY29ubmVjdC1iYWNrZW5kLWIyYi1pbWFnZXMiLCJrZXkiOiJwcm9wZXJ0aWVzLzAxOTYxNGQwLTJmMTgtNzY2Yy1hNzg0LTEzNjRmOWNhOWMwZi8wMTk2MTRkMS0yZDM5LTcwOGYtYjdkZi1mZmM3MzhiZDcxMTUuanBnIiwiYnJhbmQiOiJkb3Rwcm9wZXJ0eSIsImVkaXRzIjp7InJvdGF0ZSI6bnVsbCwicmVzaXplIjp7IndpZHRoIjoyNzUsImhlaWdodCI6MTU1LCJmaXQiOiJjb3ZlciJ9fX0=
1483583,คอนโด 1-ห้องนอน ที่ โนเบิล เพลินจิต,"ราคาเช่า: ฿ 35,000 / เดือน","PropertyScout ID 1483583
ดูรายละเอียดของรายการนี้ได้บนเว็บไซต์ของเราที่นี่

ให้เช่า คอนโดตกแต่งพร้อมอยู่ 1 ห้องนอน 1 ห้องน้ำ ขนาด 44.97 ตารางเมตร ชั้น 6,
โครงการ Noble Ploenchit ซึ่งตั้งอยู่ในเขตปทุมวัน ใกล้ BTS เพลินจิต ใกล้ MRT
สุขุมวิท และ ใกล้ ARL ราชปรารภ ติดต่อเราเพื่อนัดหมายเข้าชมรายการที่คุณต้องการ

ข้อมูลสิ่งอำนวยความสะดวกต่างๆ: * ตู้เย็น
* ไมโครเวฟ
* เตาไฟฟ้า
* ระเบียง
* ทีวี

พื้นที่ส่วนกลาง: * สร้างเสร็จในปี 2017
* ฟิตเนส
* สระว่ายน้ำ
* กล้องวงจรปิด
* ระบบรักษาความปลอดภัย 24 ชม.
* ลานจอดรถในร่ม
* ห้องสมุด
* เซาว์น่า
* ลานจอดรถ
* สวน
* สถานออกกำลังกาย

ยังไม่เจอที่พักที่ถูกใจใช่หรือไม่
เรามุ่งเน้นไปที่การปล่อยเช่าและขายอสังหาริมทรัพย์ทั่วประเทศไทย ทั้งในกรุงเทพฯ
ภูเก็ต พัทยา หัวหิน เกาะสมุย เชียงใหม่ และที่อื่นๆ อีกมากมาย
ด้วยบริการจากทีมงานที่เป็นมืออาชีพ รวดเร็ว และหลากหลายภาษา
เราเป็นหนึ่งในตัวแทนอสังหาริมทรัพย์ชั้นนำของประเทศไทย
และสามารถช่วยจัดหาที่พักสำหรับเช่า และขายให้กับคุณได้
ติดต่อเราเลยวันนี้
เพื่อจัดหาอสังหาริมทรัพย์ที่เหมาะสมที่สุดให้กับคุณในราคาสุดคุ้ม -
โดยที่ไม่มีค่าใช้จ่ายใดๆ

พร็อพเพอร์ตี้ สเก๊าท์

PropertyScout

เบอร์โทรศัพท์ : แสดงเบอร์โทรศัพท์

Facebook:

Whatsapp: แสดงเบอร์โทรศัพท์

Email: contact @ propertyscout.co.th

- PropertyScout -",1483583_01.jpg,images\1483583\1483583_01.jpg,https://pix.dotproperty.co.th/eyJidWNrZXQiOiJwcmQtbGlmdWxsY29ubmVjdC1iYWNrZW5kLWIyYi1pbWFnZXMiLCJrZXkiOiJpbmdlc3Rlci8wMTk2MTRiOS01ZjcwLTdkZGMtYTQ1MC0wOTMxNDIzZDIyMzYvMTQzYzA1NmE4MWJiMTRmYWYwZDVjMWU3MGZkMWVkNGQzZGY2YTA2YWUwYzY5YzAzYmU2MTQ0Y2M3YzQ2ODI4NC5qcGVnIiwiYnJhbmQiOiJkb3Rwcm9wZXJ0eSIsImVkaXRzIjp7InJvdGF0ZSI6bnVsbCwicmVzaXplIjp7IndpZHRoIjo0OTAsImhlaWdodCI6MzI1LCJmaXQiOiJjb3ZlciJ9fX0=
1483583,คอนโด 1-ห้องนอน ที่ โนเบิล เพลินจิต,"ราคาเช่า: ฿ 35,000 / เดือน","PropertyScout ID 1483583
ดูรายละเอียดของรายการนี้ได้บนเว็บไซต์ของเราที่นี่

ให้เช่า คอนโดตกแต่งพร้อมอยู่ 1 ห้องนอน 1 ห้องน้ำ ขนาด 44.97 ตารางเมตร ชั้น 6,
โครงการ Noble Ploenchit ซึ่งตั้งอยู่ในเขตปทุมวัน ใกล้ BTS เพลินจิต ใกล้ MRT
สุขุมวิท และ ใกล้ ARL ราชปรารภ ติดต่อเราเพื่อนัดหมายเข้าชมรายการที่คุณต้องการ

ข้อมูลสิ่งอำนวยความสะดวกต่างๆ: * ตู้เย็น
* ไมโครเวฟ
* เตาไฟฟ้า
* ระเบียง
* ทีวี

พื้นที่ส่วนกลาง: * สร้างเสร็จในปี 2017
* ฟิตเนส
* สระว่ายน้ำ
* กล้องวงจรปิด
* ระบบรักษาความปลอดภัย 24 ชม.
* ลานจอดรถในร่ม
* ห้องสมุด
* เซาว์น่า
* ลานจอดรถ
* สวน
* สถานออกกำลังกาย

ยังไม่เจอที่พักที่ถูกใจใช่หรือไม่
เรามุ่งเน้นไปที่การปล่อยเช่าและขายอสังหาริมทรัพย์ทั่วประเทศไทย ทั้งในกรุงเทพฯ
ภูเก็ต พัทยา หัวหิน เกาะสมุย เชียงใหม่ และที่อื่นๆ อีกมากมาย
ด้วยบริการจากทีมงานที่เป็นมืออาชีพ รวดเร็ว และหลากหลายภาษา
เราเป็นหนึ่งในตัวแทนอสังหาริมทรัพย์ชั้นนำของประเทศไทย
และสามารถช่วยจัดหาที่พักสำหรับเช่า และขายให้กับคุณได้
ติดต่อเราเลยวันนี้
เพื่อจัดหาอสังหาริมทรัพย์ที่เหมาะสมที่สุดให้กับคุณในราคาสุดคุ้ม -
โดยที่ไม่มีค่าใช้จ่ายใดๆ

พร็อพเพอร์ตี้ สเก๊าท์

PropertyScout

เบอร์โทรศัพท์ : แสดงเบอร์โทรศัพท์

Facebook:

Whatsapp: แสดงเบอร์โทรศัพท์

Email: contact @ propertyscout.co.th

- PropertyScout -",1483583_02.jpg,images\1483583\1483583_02.jpg,https://pix.dotproperty.co.th/eyJidWNrZXQiOiJwcmQtbGlmdWxsY29ubmVjdC1iYWNrZW5kLWIyYi1pbWFnZXMiLCJrZXkiOiJpbmdlc3Rlci8wMTk2MTRiOS01ZjcwLTdkZGMtYTQ1MC0wOTMxNDIzZDIyMzYvOTU3OGM0MzhjNThkYWNjZmRkMDJhNTQwMDAwOTFiYjcxMmE4OWY3NTk3Yjc3ZTc0MjRlZDA3MDg1YTFjOWI2Mi5qcGVnIiwiYnJhbmQiOiJkb3Rwcm9wZXJ0eSIsImVkaXRzIjp7InJvdGF0ZSI6bnVsbCwicmVzaXplIjp7IndpZHRoIjoyNzUsImhlaWdodCI6MTU1LCJmaXQiOiJjb3ZlciJ9fX0=
1483583,คอนโด 1-ห้องนอน ที่ โนเบิล เพลินจิต,"ราคาเช่า: ฿ 35,000 / เดือน","PropertyScout ID 1483583
ดูรายละเอียดของรายการนี้ได้บนเว็บไซต์ของเราที่นี่

ให้เช่า คอนโดตกแต่งพร้อมอยู่ 1 ห้องนอน 1 ห้องน้ำ ขนาด 44.97 ตารางเมตร ชั้น 6,
โครงการ Noble Ploenchit ซึ่งตั้งอยู่ในเขตปทุมวัน ใกล้ BTS เพลินจิต ใกล้ MRT
สุขุมวิท และ ใกล้ ARL ราชปรารภ ติดต่อเราเพื่อนัดหมายเข้าชมรายการที่คุณต้องการ

ข้อมูลสิ่งอำนวยความสะดวกต่างๆ: * ตู้เย็น
* ไมโครเวฟ
* เตาไฟฟ้า
* ระเบียง
* ทีวี

พื้นที่ส่วนกลาง: * สร้างเสร็จในปี 2017
* ฟิตเนส
* สระว่ายน้ำ
* กล้องวงจรปิด
* ระบบรักษาความปลอดภัย 24 ชม.
* ลานจอดรถในร่ม
* ห้องสมุด
* เซาว์น่า
* ลานจอดรถ
* สวน
* สถานออกกำลังกาย

ยังไม่เจอที่พักที่ถูกใจใช่หรือไม่
เรามุ่งเน้นไปที่การปล่อยเช่าและขายอสังหาริมทรัพย์ทั่วประเทศไทย ทั้งในกรุงเทพฯ
ภูเก็ต พัทยา หัวหิน เกาะสมุย เชียงใหม่ และที่อื่นๆ อีกมากมาย
ด้วยบริการจากทีมงานที่เป็นมืออาชีพ รวดเร็ว และหลากหลายภาษา
เราเป็นหนึ่งในตัวแทนอสังหาริมทรัพย์ชั้นนำของประเทศไทย
และสามารถช่วยจัดหาที่พักสำหรับเช่า และขายให้กับคุณได้
ติดต่อเราเลยวันนี้
เพื่อจัดหาอสังหาริมทรัพย์ที่เหมาะสมที่สุดให้กับคุณในราคาสุดคุ้ม -
โดยที่ไม่มีค่าใช้จ่ายใดๆ

พร็อพเพอร์ตี้ สเก๊าท์

PropertyScout

เบอร์โทรศัพท์ : แสดงเบอร์โทรศัพท์

Facebook:

Whatsapp: แสดงเบอร์โทรศัพท์

Email: contact @ propertyscout.co.th

- PropertyScout -",1483583_03.jpg,images\1483583\1483583_03.jpg,https://pix.dotproperty.co.th/eyJidWNrZXQiOiJwcmQtbGlmdWxsY29ubmVjdC1iYWNrZW5kLWIyYi1pbWFnZXMiLCJrZXkiOiJpbmdlc3Rlci8wMTk2MTRiOS01ZjcwLTdkZGMtYTQ1MC0wOTMxNDIzZDIyMzYvYjZkYzZhN2MxNmY0NWZjZDgyOWUwYzFiZjY5NDc4ZTZlMzcyNzdlYjg4OGE5MjE2NjI2ZWM5ZDY5ODA0YTI5MS5qcGVnIiwiYnJhbmQiOiJkb3Rwcm9wZXJ0eSIsImVkaXRzIjp7InJvdGF0ZSI6bnVsbCwicmVzaXplIjp7IndpZHRoIjoyNzUsImhlaWdodCI6MTU1LCJmaXQiOiJjb3ZlciJ9fX0=
1553841,คอนโด 2-ห้องนอน ที่ บ้านสวนเพชร คอนโดมิเนียม,"ราคาเช่า: ฿ 65,000 / เดือน","PropertyScout ID 1553841
ดูรายละเอียดของรายการนี้ได้บนเว็บไซต์ของเราที่นี่

ให้เช่า คอนโดตกแต่งพร้อมอยู่ 2 ห้องนอน 2 ห้องน้ำ ขนาด 131.95 ตารางเมตร ชั้น 7,
โครงการ Baan Suanpetch Condominium ซึ่งตั้งอยู่ในเขตวัฒนา ใกล้ BTS พร้อมพงษ์
ใกล้ MRT สุขุมวิท และ ใกล้ ARL มักกะสัน
ติดต่อเราเพื่อนัดหมายเข้าชมรายการที่คุณต้องการ

พื้นที่ส่วนกลาง: * สร้างเสร็จในปี 1992
* เซาว์น่า
* สระว่ายน้ำ
* ฟิตเนส
* ลานจอดรถ
* กล้องวงจรปิด
* สนามเด็กเล่น

ยังไม่เจอที่พักที่ถูกใจใช่หรือไม่
เรามุ่งเน้นไปที่การปล่อยเช่าและขายอสังหาริมทรัพย์ทั่วประเทศไทย ทั้งในกรุงเทพฯ
ภูเก็ต พัทยา หัวหิน เกาะสมุย เชียงใหม่ และที่อื่นๆ อีกมากมาย
ด้วยบริการจากทีมงานที่เป็นมืออาชีพ รวดเร็ว และหลากหลายภาษา
เราเป็นหนึ่งในตัวแทนอสังหาริมทรัพย์ชั้นนำของประเทศไทย
และสามารถช่วยจัดหาที่พักสำหรับเช่า และขายให้กับคุณได้
ติดต่อเราเลยวันนี้
เพื่อจัดหาอสังหาริมทรัพย์ที่เหมาะสมที่สุดให้กับคุณในราคาสุดคุ้ม -
โดยที่ไม่มีค่าใช้จ่ายใดๆ

พร็อพเพอร์ตี้ สเก๊าท์

PropertyScout

เบอร์โทรศัพท์ : แสดงเบอร์โทรศัพท์

Facebook:

Whatsapp: แสดงเบอร์โทรศัพท์

Email: contact @ propertyscout.co.th

- PropertyScout -",1553841_01.jpg,images\1553841\1553841_01.jpg,https://pix.dotproperty.co.th/eyJidWNrZXQiOiJwcmQtbGlmdWxsY29ubmVjdC1iYWNrZW5kLWIyYi1pbWFnZXMiLCJrZXkiOiJpbmdlc3Rlci8wMTk2MTRiOS0yZmRkLTdjOTctYWZjOS05NGQ5MGY5N2JjZDIvYjA5MjkyZjgyZWMwMDA3ZTYwYTZjODNhNzMxODY2OWJkNTkxNmI3YmQ5YTkwMjI2ZWQxMmFlZDU1MjczYjgzNC5qcGVnIiwiYnJhbmQiOiJkb3Rwcm9wZXJ0eSIsImVkaXRzIjp7InJvdGF0ZSI6bnVsbCwicmVzaXplIjp7IndpZHRoIjo0OTAsImhlaWdodCI6MzI1LCJmaXQiOiJjb3ZlciJ9fX0=
1553841,คอนโด 2-ห้องนอน ที่ บ้านสวนเพชร คอนโดมิเนียม,"ราคาเช่า: ฿ 65,000 / เดือน","PropertyScout ID 1553841
ดูรายละเอียดของรายการนี้ได้บนเว็บไซต์ของเราที่นี่

ให้เช่า คอนโดตกแต่งพร้อมอยู่ 2 ห้องนอน 2 ห้องน้ำ ขนาด 131.95 ตารางเมตร ชั้น 7,
โครงการ Baan Suanpetch Condominium ซึ่งตั้งอยู่ในเขตวัฒนา ใกล้ BTS พร้อมพงษ์
ใกล้ MRT สุขุมวิท และ ใกล้ ARL มักกะสัน
ติดต่อเราเพื่อนัดหมายเข้าชมรายการที่คุณต้องการ

พื้นที่ส่วนกลาง: * สร้างเสร็จในปี 1992
* เซาว์น่า
* สระว่ายน้ำ
* ฟิตเนส
* ลานจอดรถ
* กล้องวงจรปิด
* สนามเด็กเล่น

ยังไม่เจอที่พักที่ถูกใจใช่หรือไม่
เรามุ่งเน้นไปที่การปล่อยเช่าและขายอสังหาริมทรัพย์ทั่วประเทศไทย ทั้งในกรุงเทพฯ
ภูเก็ต พัทยา หัวหิน เกาะสมุย เชียงใหม่ และที่อื่นๆ อีกมากมาย
ด้วยบริการจากทีมงานที่เป็นมืออาชีพ รวดเร็ว และหลากหลายภาษา
เราเป็นหนึ่งในตัวแทนอสังหาริมทรัพย์ชั้นนำของประเทศไทย
และสามารถช่วยจัดหาที่พักสำหรับเช่า และขายให้กับคุณได้
ติดต่อเราเลยวันนี้
เพื่อจัดหาอสังหาริมทรัพย์ที่เหมาะสมที่สุดให้กับคุณในราคาสุดคุ้ม -
โดยที่ไม่มีค่าใช้จ่ายใดๆ

พร็อพเพอร์ตี้ สเก๊าท์

PropertyScout

เบอร์โทรศัพท์ : แสดงเบอร์โทรศัพท์

Facebook:

Whatsapp: แสดงเบอร์โทรศัพท์

Email: contact @ propertyscout.co.th

- PropertyScout -",1553841_02.jpg,images\1553841\1553841_02.jpg,https://pix.dotproperty.co.th/eyJidWNrZXQiOiJwcmQtbGlmdWxsY29ubmVjdC1iYWNrZW5kLWIyYi1pbWFnZXMiLCJrZXkiOiJpbmdlc3Rlci8wMTk2MTRiOS0yZmRkLTdjOTctYWZjOS05NGQ5MGY5N2JjZDIvZGQ2M2ExMjMwYjIzZWMxMTFhYWQ4NmMzOWJhZTZjNmVjODVjMzYxMGY1NGVmMGRjNzg5OTljZjNlMTRlMjVkNC5qcGVnIiwiYnJhbmQiOiJkb3Rwcm9wZXJ0eSIsImVkaXRzIjp7InJvdGF0ZSI6bnVsbCwicmVzaXplIjp7IndpZHRoIjoyNzUsImhlaWdodCI6MTU1LCJmaXQiOiJjb3ZlciJ9fX0=
1553841,คอนโด 2-ห้องนอน ที่ บ้านสวนเพชร คอนโดมิเนียม,"ราคาเช่า: ฿ 65,000 / เดือน","PropertyScout ID 1553841
ดูรายละเอียดของรายการนี้ได้บนเว็บไซต์ของเราที่นี่

ให้เช่า คอนโดตกแต่งพร้อมอยู่ 2 ห้องนอน 2 ห้องน้ำ ขนาด 131.95 ตารางเมตร ชั้น 7,
โครงการ Baan Suanpetch Condominium ซึ่งตั้งอยู่ในเขตวัฒนา ใกล้ BTS พร้อมพงษ์
ใกล้ MRT สุขุมวิท และ ใกล้ ARL มักกะสัน
ติดต่อเราเพื่อนัดหมายเข้าชมรายการที่คุณต้องการ

พื้นที่ส่วนกลาง: * สร้างเสร็จในปี 1992
* เซาว์น่า
* สระว่ายน้ำ
* ฟิตเนส
* ลานจอดรถ
* กล้องวงจรปิด
* สนามเด็กเล่น

ยังไม่เจอที่พักที่ถูกใจใช่หรือไม่
เรามุ่งเน้นไปที่การปล่อยเช่าและขายอสังหาริมทรัพย์ทั่วประเทศไทย ทั้งในกรุงเทพฯ
ภูเก็ต พัทยา หัวหิน เกาะสมุย เชียงใหม่ และที่อื่นๆ อีกมากมาย
ด้วยบริการจากทีมงานที่เป็นมืออาชีพ รวดเร็ว และหลากหลายภาษา
เราเป็นหนึ่งในตัวแทนอสังหาริมทรัพย์ชั้นนำของประเทศไทย
และสามารถช่วยจัดหาที่พักสำหรับเช่า และขายให้กับคุณได้
ติดต่อเราเลยวันนี้
เพื่อจัดหาอสังหาริมทรัพย์ที่เหมาะสมที่สุดให้กับคุณในราคาสุดคุ้ม -
โดยที่ไม่มีค่าใช้จ่ายใดๆ

พร็อพเพอร์ตี้ สเก๊าท์

PropertyScout

เบอร์โทรศัพท์ : แสดงเบอร์โทรศัพท์

Facebook:

Whatsapp: แสดงเบอร์โทรศัพท์

Email: contact @ propertyscout.co.th

- PropertyScout -",1553841_03.jpg,images\1553841\1553841_03.jpg,https://pix.dotproperty.co.th/eyJidWNrZXQiOiJwcmQtbGlmdWxsY29ubmVjdC1iYWNrZW5kLWIyYi1pbWFnZXMiLCJrZXkiOiJpbmdlc3Rlci8wMTk2MTRiOS0yZmRkLTdjOTctYWZjOS05NGQ5MGY5N2JjZDIvMDc3ZDYwMzIwM2M1NzdmYWU4MTRjYzkyNWJiM2MwMmJiZTcxNmNjODI4NWI3MmY1YTMzMTM1MTQ5ODdkYWU5Zi5qcGVnIiwiYnJhbmQiOiJkb3Rwcm9wZXJ0eSIsImVkaXRzIjp7InJvdGF0ZSI6bnVsbCwicmVzaXplIjp7IndpZHRoIjoyNzUsImhlaWdodCI6MTU1LCJmaXQiOiJjb3ZlciJ9fX0=
512882TP2,คอนโด 2-ห้องนอน ที่ เรนทรี วิลล่า สุขุมวิท 53,"ราคาเช่า: ฿ 45,000 / เดือน","PropertyScout ID 512882
ดูรายละเอียดของรายการนี้ได้บนเว็บไซต์ของเราที่นี่

ให้เช่า คอนโดตกแต่งพร้อมอยู่ 2 ห้องนอน 2 ห้องน้ำ ขนาด 80 ตารางเมตร ชั้น 1,
โครงการ Raintree Villa Sukhumvit 53 ซึ่งตั้งอยู่ในเขตวัฒนา ใกล้ BTS ทองหล่อ และ
ใกล้ MRT สุขุมวิท ติดต่อเราเพื่อนัดหมายเข้าชมรายการที่คุณต้องการ

พื้นที่ส่วนกลาง: * สร้างเสร็จในปี 1997
* ระบบรักษาความปลอดภัย 24 ชม.
* ห้องสมุด
* เซาว์น่า
* สระว่ายน้ำ
* ลานจอดรถ
* กล้องวงจรปิด
* สถานออกกำลังกาย
* หอประชุม
* เกมรูม

ยังไม่เจอที่พักที่ถูกใจใช่หรือไม่
เรามุ่งเน้นไปที่การปล่อยเช่าและขายอสังหาริมทรัพย์ทั่วประเทศไทย ทั้งในกรุงเทพฯ
ภูเก็ต พัทยา หัวหิน เกาะสมุย เชียงใหม่ และที่อื่นๆ อีกมากมาย
ด้วยบริการจากทีมงานที่เป็นมืออาชีพ รวดเร็ว และหลากหลายภาษา
เราเป็นหนึ่งในตัวแทนอสังหาริมทรัพย์ชั้นนำของประเทศไทย
และสามารถช่วยจัดหาที่พักสำหรับเช่า และขายให้กับคุณได้
ติดต่อเราเลยวันนี้
เพื่อจัดหาอสังหาริมทรัพย์ที่เหมาะสมที่สุดให้กับคุณในราคาสุดคุ้ม -
โดยที่ไม่มีค่าใช้จ่ายใดๆ

พร็อพเพอร์ตี้ สเก๊าท์

PropertyScout

เบอร์โทรศัพท์ : แสดงเบอร์โทรศัพท์

Facebook:

Whatsapp: แสดงเบอร์โทรศัพท์

Email: contact @ propertyscout.co.th

- PropertyScout -",512882TP2_01.jpg,images\512882TP2\512882TP2_01.jpg,https://pix.dotproperty.co.th/eyJidWNrZXQiOiJwcmQtbGlmdWxsY29ubmVjdC1iYWNrZW5kLWIyYi1pbWFnZXMiLCJrZXkiOiJpbmdlc3Rlci8wMTk2MTRiOS02YTI2LTdkMWQtOGJmYS1hZjU5MzE3Njg3ODgvOWQ4OWJhOGNiMTAyNzdkMTYxOTczZTkyNjViM2RkNjQwNGI2YTljNDUxN2IzNzYzZjkzZmZjMDRjNzJlNWRhNy5qcGVnIiwiYnJhbmQiOiJkb3Rwcm9wZXJ0eSIsImVkaXRzIjp7InJvdGF0ZSI6bnVsbCwicmVzaXplIjp7IndpZHRoIjo0OTAsImhlaWdodCI6MzI1LCJmaXQiOiJjb3ZlciJ9fX0=
512882TP2,คอนโด 2-ห้องนอน ที่ เรนทรี วิลล่า สุขุมวิท 53,"ราคาเช่า: ฿ 45,000 / เดือน","PropertyScout ID 512882
ดูรายละเอียดของรายการนี้ได้บนเว็บไซต์ของเราที่นี่

ให้เช่า คอนโดตกแต่งพร้อมอยู่ 2 ห้องนอน 2 ห้องน้ำ ขนาด 80 ตารางเมตร ชั้น 1,
โครงการ Raintree Villa Sukhumvit 53 ซึ่งตั้งอยู่ในเขตวัฒนา ใกล้ BTS ทองหล่อ และ
ใกล้ MRT สุขุมวิท ติดต่อเราเพื่อนัดหมายเข้าชมรายการที่คุณต้องการ

พื้นที่ส่วนกลาง: * สร้างเสร็จในปี 1997
* ระบบรักษาความปลอดภัย 24 ชม.
* ห้องสมุด
* เซาว์น่า
* สระว่ายน้ำ
* ลานจอดรถ
* กล้องวงจรปิด
* สถานออกกำลังกาย
* หอประชุม
* เกมรูม

ยังไม่เจอที่พักที่ถูกใจใช่หรือไม่
เรามุ่งเน้นไปที่การปล่อยเช่าและขายอสังหาริมทรัพย์ทั่วประเทศไทย ทั้งในกรุงเทพฯ
ภูเก็ต พัทยา หัวหิน เกาะสมุย เชียงใหม่ และที่อื่นๆ อีกมากมาย
ด้วยบริการจากทีมงานที่เป็นมืออาชีพ รวดเร็ว และหลากหลายภาษา
เราเป็นหนึ่งในตัวแทนอสังหาริมทรัพย์ชั้นนำของประเทศไทย
และสามารถช่วยจัดหาที่พักสำหรับเช่า และขายให้กับคุณได้
ติดต่อเราเลยวันนี้
เพื่อจัดหาอสังหาริมทรัพย์ที่เหมาะสมที่สุดให้กับคุณในราคาสุดคุ้ม -
โดยที่ไม่มีค่าใช้จ่ายใดๆ

พร็อพเพอร์ตี้ สเก๊าท์

PropertyScout

เบอร์โทรศัพท์ : แสดงเบอร์โทรศัพท์

Facebook:

Whatsapp: แสดงเบอร์โทรศัพท์

Email: contact @ propertyscout.co.th

- PropertyScout -",512882TP2_02.jpg,images\512882TP2\512882TP2_02.jpg,https://pix.dotproperty.co.th/eyJidWNrZXQiOiJwcmQtbGlmdWxsY29ubmVjdC1iYWNrZW5kLWIyYi1pbWFnZXMiLCJrZXkiOiJpbmdlc3Rlci8wMTk2MTRiOS02YTI2LTdkMWQtOGJmYS1hZjU5MzE3Njg3ODgvNWQ5ZmExNjdkMjZlNTJhOTIwZTY4MzM0NzQ2ZTdjZDkzZGJhNGEyMTM4NGQ4ZTE2NzI3YjU3ZWVlOWQzODMxYy5qcGVnIiwiYnJhbmQiOiJkb3Rwcm9wZXJ0eSIsImVkaXRzIjp7InJvdGF0ZSI6bnVsbCwicmVzaXplIjp7IndpZHRoIjoyNzUsImhlaWdodCI6MTU1LCJmaXQiOiJjb3ZlciJ9fX0=
512882TP2,คอนโด 2-ห้องนอน ที่ เรนทรี วิลล่า สุขุมวิท 53,"ราคาเช่า: ฿ 45,000 / เดือน","PropertyScout ID 512882
ดูรายละเอียดของรายการนี้ได้บนเว็บไซต์ของเราที่นี่

ให้เช่า คอนโดตกแต่งพร้อมอยู่ 2 ห้องนอน 2 ห้องน้ำ ขนาด 80 ตารางเมตร ชั้น 1,
โครงการ Raintree Villa Sukhumvit 53 ซึ่งตั้งอยู่ในเขตวัฒนา ใกล้ BTS ทองหล่อ และ
ใกล้ MRT สุขุมวิท ติดต่อเราเพื่อนัดหมายเข้าชมรายการที่คุณต้องการ

พื้นที่ส่วนกลาง: * สร้างเสร็จในปี 1997
* ระบบรักษาความปลอดภัย 24 ชม.
* ห้องสมุด
* เซาว์น่า
* สระว่ายน้ำ
* ลานจอดรถ
* กล้องวงจรปิด
* สถานออกกำลังกาย
* หอประชุม
* เกมรูม

ยังไม่เจอที่พักที่ถูกใจใช่หรือไม่
เรามุ่งเน้นไปที่การปล่อยเช่าและขายอสังหาริมทรัพย์ทั่วประเทศไทย ทั้งในกรุงเทพฯ
ภูเก็ต พัทยา หัวหิน เกาะสมุย เชียงใหม่ และที่อื่นๆ อีกมากมาย
ด้วยบริการจากทีมงานที่เป็นมืออาชีพ รวดเร็ว และหลากหลายภาษา
เราเป็นหนึ่งในตัวแทนอสังหาริมทรัพย์ชั้นนำของประเทศไทย
และสามารถช่วยจัดหาที่พักสำหรับเช่า และขายให้กับคุณได้
ติดต่อเราเลยวันนี้
เพื่อจัดหาอสังหาริมทรัพย์ที่เหมาะสมที่สุดให้กับคุณในราคาสุดคุ้ม -
โดยที่ไม่มีค่าใช้จ่ายใดๆ

พร็อพเพอร์ตี้ สเก๊าท์

PropertyScout

เบอร์โทรศัพท์ : แสดงเบอร์โทรศัพท์

Facebook:

Whatsapp: แสดงเบอร์โทรศัพท์

Email: contact @ propertyscout.co.th

- PropertyScout -",512882TP2_03.jpg,images\512882TP2\512882TP2_03.jpg,https://pix.dotproperty.co.th/eyJidWNrZXQiOiJwcmQtbGlmdWxsY29ubmVjdC1iYWNrZW5kLWIyYi1pbWFnZXMiLCJrZXkiOiJpbmdlc3Rlci8wMTk2MTRiOS02YTI2LTdkMWQtOGJmYS1hZjU5MzE3Njg3ODgvZjY5NGM5NTg1NzA0ZjQ5NTBmYjQ5MzBlNGZmZWEyOTdiMzNjYjNlYTU3ZjEwZDRlNDcwMWI3MWE4ZjZmMWQ5NS5qcGVnIiwiYnJhbmQiOiJkb3Rwcm9wZXJ0eSIsImVkaXRzIjp7InJvdGF0ZSI6bnVsbCwicmVzaXplIjp7IndpZHRoIjoyNzUsImhlaWdodCI6MTU1LCJmaXQiOiJjb3ZlciJ9fX0=
1804627,คอนโด 2-ห้องนอน ที่ เดอะ มาสเตอร์ เซ็นเธรี่ยม อโศก-สุขุมวิท,"ราคาเช่า: ฿ 50,000 / เดือน","PropertyScout ID 1804627
ดูรายละเอียดของรายการนี้ได้บนเว็บไซต์ของเราที่นี่

ให้เช่า คอนโดตกแต่งพร้อมอยู่ 2 ห้องนอน 3 ห้องน้ำ ขนาด 120 ตารางเมตร ชั้น 22,
โครงการ The Master Centrium Asoke Sukhumvit ซึ่งตั้งอยู่ในเขตวัฒนา ใกล้ BTS อโศก
ใกล้ MRT สุขุมวิท และ ใกล้ ARL มักกะสัน
ติดต่อเราเพื่อนัดหมายเข้าชมรายการที่คุณต้องการ

พื้นที่ส่วนกลาง: * สร้างเสร็จในปี 2007
* ห้องสมุด
* เซาว์น่า
* สระว่ายน้ำ
* ลานจอดรถ
* กล้องวงจรปิด
* สถานออกกำลังกาย
* ลู่วิ่ง

ยังไม่เจอที่พักที่ถูกใจใช่หรือไม่
เรามุ่งเน้นไปที่การปล่อยเช่าและขายอสังหาริมทรัพย์ทั่วประเทศไทย ทั้งในกรุงเทพฯ
ภูเก็ต พัทยา หัวหิน เกาะสมุย เชียงใหม่ และที่อื่นๆ อีกมากมาย
ด้วยบริการจากทีมงานที่เป็นมืออาชีพ รวดเร็ว และหลากหลายภาษา
เราเป็นหนึ่งในตัวแทนอสังหาริมทรัพย์ชั้นนำของประเทศไทย
และสามารถช่วยจัดหาที่พักสำหรับเช่า และขายให้กับคุณได้
ติดต่อเราเลยวันนี้
เพื่อจัดหาอสังหาริมทรัพย์ที่เหมาะสมที่สุดให้กับคุณในราคาสุดคุ้ม -
โดยที่ไม่มีค่าใช้จ่ายใดๆ

พร็อพเพอร์ตี้ สเก๊าท์

PropertyScout

เบอร์โทรศัพท์ : แสดงเบอร์โทรศัพท์

Facebook:

Whatsapp: แสดงเบอร์โทรศัพท์

Email: contact @ propertyscout.co.th

- PropertyScout -",1804627_01.jpg,images\1804627\1804627_01.jpg,https://pix.dotproperty.co.th/eyJidWNrZXQiOiJwcmQtbGlmdWxsY29ubmVjdC1iYWNrZW5kLWIyYi1pbWFnZXMiLCJrZXkiOiJpbmdlc3Rlci8wMTk2MTRiOC1mY2UyLTc0MjYtOTlhOC1mMDFmNDMzNjFhNWIvMDFkMzQ1ZmZmMzk2YjQwMDZiYTNmMjA1NDBjYTFmZjMwOTZjMDNkNmVkMjM1Yzk0MDczZGNmYTNhOTM5OWYyYi5qcGVnIiwiYnJhbmQiOiJkb3Rwcm9wZXJ0eSIsImVkaXRzIjp7InJvdGF0ZSI6bnVsbCwicmVzaXplIjp7IndpZHRoIjo0OTAsImhlaWdodCI6MzI1LCJmaXQiOiJjb3ZlciJ9fX0=
1804627,คอนโด 2-ห้องนอน ที่ เดอะ มาสเตอร์ เซ็นเธรี่ยม อโศก-สุขุมวิท,"ราคาเช่า: ฿ 50,000 / เดือน","PropertyScout ID 1804627
ดูรายละเอียดของรายการนี้ได้บนเว็บไซต์ของเราที่นี่

ให้เช่า คอนโดตกแต่งพร้อมอยู่ 2 ห้องนอน 3 ห้องน้ำ ขนาด 120 ตารางเมตร ชั้น 22,
โครงการ The Master Centrium Asoke Sukhumvit ซึ่งตั้งอยู่ในเขตวัฒนา ใกล้ BTS อโศก
ใกล้ MRT สุขุมวิท และ ใกล้ ARL มักกะสัน
ติดต่อเราเพื่อนัดหมายเข้าชมรายการที่คุณต้องการ

พื้นที่ส่วนกลาง: * สร้างเสร็จในปี 2007
* ห้องสมุด
* เซาว์น่า
* สระว่ายน้ำ
* ลานจอดรถ
* กล้องวงจรปิด
* สถานออกกำลังกาย
* ลู่วิ่ง

ยังไม่เจอที่พักที่ถูกใจใช่หรือไม่
เรามุ่งเน้นไปที่การปล่อยเช่าและขายอสังหาริมทรัพย์ทั่วประเทศไทย ทั้งในกรุงเทพฯ
ภูเก็ต พัทยา หัวหิน เกาะสมุย เชียงใหม่ และที่อื่นๆ อีกมากมาย
ด้วยบริการจากทีมงานที่เป็นมืออาชีพ รวดเร็ว และหลากหลายภาษา
เราเป็นหนึ่งในตัวแทนอสังหาริมทรัพย์ชั้นนำของประเทศไทย
และสามารถช่วยจัดหาที่พักสำหรับเช่า และขายให้กับคุณได้
ติดต่อเราเลยวันนี้
เพื่อจัดหาอสังหาริมทรัพย์ที่เหมาะสมที่สุดให้กับคุณในราคาสุดคุ้ม -
โดยที่ไม่มีค่าใช้จ่ายใดๆ

พร็อพเพอร์ตี้ สเก๊าท์

PropertyScout

เบอร์โทรศัพท์ : แสดงเบอร์โทรศัพท์

Facebook:

Whatsapp: แสดงเบอร์โทรศัพท์

Email: contact @ propertyscout.co.th

- PropertyScout -",1804627_02.jpg,images\1804627\1804627_02.jpg,https://pix.dotproperty.co.th/eyJidWNrZXQiOiJwcmQtbGlmdWxsY29ubmVjdC1iYWNrZW5kLWIyYi1pbWFnZXMiLCJrZXkiOiJpbmdlc3Rlci8wMTk2MTRiOC1mY2UyLTc0MjYtOTlhOC1mMDFmNDMzNjFhNWIvZmEwNTkyYWFjN2RkYjYxYTkyMzc4MmY2MTdiZTI5MjI4MWY5OGVkNjM4NGIyZGNlZTIyNTUwNWJhZTRjYTJjNC5qcGVnIiwiYnJhbmQiOiJkb3Rwcm9wZXJ0eSIsImVkaXRzIjp7InJvdGF0ZSI6bnVsbCwicmVzaXplIjp7IndpZHRoIjoyNzUsImhlaWdodCI6MTU1LCJmaXQiOiJjb3ZlciJ9fX0=
1804627,คอนโด 2-ห้องนอน ที่ เดอะ มาสเตอร์ เซ็นเธรี่ยม อโศก-สุขุมวิท,"ราคาเช่า: ฿ 50,000 / เดือน","PropertyScout ID 1804627
ดูรายละเอียดของรายการนี้ได้บนเว็บไซต์ของเราที่นี่

ให้เช่า คอนโดตกแต่งพร้อมอยู่ 2 ห้องนอน 3 ห้องน้ำ ขนาด 120 ตารางเมตร ชั้น 22,
โครงการ The Master Centrium Asoke Sukhumvit ซึ่งตั้งอยู่ในเขตวัฒนา ใกล้ BTS อโศก
ใกล้ MRT สุขุมวิท และ ใกล้ ARL มักกะสัน
ติดต่อเราเพื่อนัดหมายเข้าชมรายการที่คุณต้องการ

พื้นที่ส่วนกลาง: * สร้างเสร็จในปี 2007
* ห้องสมุด
* เซาว์น่า
* สระว่ายน้ำ
* ลานจอดรถ
* กล้องวงจรปิด
* สถานออกกำลังกาย
* ลู่วิ่ง

ยังไม่เจอที่พักที่ถูกใจใช่หรือไม่
เรามุ่งเน้นไปที่การปล่อยเช่าและขายอสังหาริมทรัพย์ทั่วประเทศไทย ทั้งในกรุงเทพฯ
ภูเก็ต พัทยา หัวหิน เกาะสมุย เชียงใหม่ และที่อื่นๆ อีกมากมาย
ด้วยบริการจากทีมงานที่เป็นมืออาชีพ รวดเร็ว และหลากหลายภาษา
เราเป็นหนึ่งในตัวแทนอสังหาริมทรัพย์ชั้นนำของประเทศไทย
และสามารถช่วยจัดหาที่พักสำหรับเช่า และขายให้กับคุณได้
ติดต่อเราเลยวันนี้
เพื่อจัดหาอสังหาริมทรัพย์ที่เหมาะสมที่สุดให้กับคุณในราคาสุดคุ้ม -
โดยที่ไม่มีค่าใช้จ่ายใดๆ

พร็อพเพอร์ตี้ สเก๊าท์

PropertyScout

เบอร์โทรศัพท์ : แสดงเบอร์โทรศัพท์

Facebook:

Whatsapp: แสดงเบอร์โทรศัพท์

Email: contact @ propertyscout.co.th

- PropertyScout -",1804627_03.jpg,images\1804627\1804627_03.jpg,https://pix.dotproperty.co.th/eyJidWNrZXQiOiJwcmQtbGlmdWxsY29ubmVjdC1iYWNrZW5kLWIyYi1pbWFnZXMiLCJrZXkiOiJpbmdlc3Rlci8wMTk2MTRiOC1mY2UyLTc0MjYtOTlhOC1mMDFmNDMzNjFhNWIvNWY5ZmQzYmRmMzQ3ZjUxYTEzYTVlYWU5ODRlMzc3ZjczODg4ZWQxOTUwNTY1NDQ0NzY4ZDE3NTg0NjQ0MDdhNS5qcGVnIiwiYnJhbmQiOiJkb3Rwcm9wZXJ0eSIsImVkaXRzIjp7InJvdGF0ZSI6bnVsbCwicmVzaXplIjp7IndpZHRoIjoyNzUsImhlaWdodCI6MTU1LCJmaXQiOiJjb3ZlciJ9fX0=
467190TP2,คอนโด 1-ห้องนอน ที่ แอชตัน อโศก,"ราคาเช่า: ฿ 36,500 / เดือน","PropertyScout ID 467190
ดูรายละเอียดของรายการนี้ได้บนเว็บไซต์ของเราที่นี่

ให้เช่า คอนโดตกแต่งพร้อมอยู่ 1 ห้องนอน 1 ห้องน้ำ ขนาด 34 ตารางเมตร ชั้น 46,
โครงการ Ashton Asoke ซึ่งตั้งอยู่ในเขตวัฒนา ใกล้ BTS อโศก ใกล้ MRT สุขุมวิท และ
ใกล้ ARL มักกะสัน ติดต่อเราเพื่อนัดหมายเข้าชมรายการที่คุณต้องการ

ข้อมูลสิ่งอำนวยความสะดวกต่างๆ: * ตู้เย็น
* ไมโครเวฟ
* เตาไฟฟ้า
* ทีวี

พื้นที่ส่วนกลาง: * สร้างเสร็จในปี 2017
* ฟิตเนส
* สระว่ายน้ำ
* กล้องวงจรปิด
* ระบบรักษาความปลอดภัย 24 ชม.
* ลานจอดรถในร่ม
* ห้องสมุด
* เซาว์น่า
* ลานจอดรถ
* สวน
* สถานออกกำลังกาย

ยังไม่เจอที่พักที่ถูกใจใช่หรือไม่
เรามุ่งเน้นไปที่การปล่อยเช่าและขายอสังหาริมทรัพย์ทั่วประเทศไทย ทั้งในกรุงเทพฯ
ภูเก็ต พัทยา หัวหิน เกาะสมุย เชียงใหม่ และที่อื่นๆ อีกมากมาย
ด้วยบริการจากทีมงานที่เป็นมืออาชีพ รวดเร็ว และหลากหลายภาษา
เราเป็นหนึ่งในตัวแทนอสังหาริมทรัพย์ชั้นนำของประเทศไทย
และสามารถช่วยจัดหาที่พักสำหรับเช่า และขายให้กับคุณได้
ติดต่อเราเลยวันนี้
เพื่อจัดหาอสังหาริมทรัพย์ที่เหมาะสมที่สุดให้กับคุณในราคาสุดคุ้ม -
โดยที่ไม่มีค่าใช้จ่ายใดๆ

พร็อพเพอร์ตี้ สเก๊าท์

PropertyScout

เบอร์โทรศัพท์ : แสดงเบอร์โทรศัพท์

Facebook:

Whatsapp: แสดงเบอร์โทรศัพท์

Email: contact @ propertyscout.co.th

- PropertyScout -",467190TP2_01.jpg,images\467190TP2\467190TP2_01.jpg,https://pix.dotproperty.co.th/eyJidWNrZXQiOiJwcmQtbGlmdWxsY29ubmVjdC1iYWNrZW5kLWIyYi1pbWFnZXMiLCJrZXkiOiJpbmdlc3Rlci8wMTk2MTRiOS0xNGU3LTdlZjMtOTY1MC02ZTc1NzRlOGZmMmMvNjBjZDA4MmI5ZGQ0NTk4NWM5ZjYyMDBhNjhlNDBiMWY1OGM3ZGMyZTFmYmZmNjhjY2Q0ZTNmNmQwMGQyZDI3Ny5qcGVnIiwiYnJhbmQiOiJkb3Rwcm9wZXJ0eSIsImVkaXRzIjp7InJvdGF0ZSI6bnVsbCwicmVzaXplIjp7IndpZHRoIjo0OTAsImhlaWdodCI6MzI1LCJmaXQiOiJjb3ZlciJ9fX0=
467190TP2,คอนโด 1-ห้องนอน ที่ แอชตัน อโศก,"ราคาเช่า: ฿ 36,500 / เดือน","PropertyScout ID 467190
ดูรายละเอียดของรายการนี้ได้บนเว็บไซต์ของเราที่นี่

ให้เช่า คอนโดตกแต่งพร้อมอยู่ 1 ห้องนอน 1 ห้องน้ำ ขนาด 34 ตารางเมตร ชั้น 46,
โครงการ Ashton Asoke ซึ่งตั้งอยู่ในเขตวัฒนา ใกล้ BTS อโศก ใกล้ MRT สุขุมวิท และ
ใกล้ ARL มักกะสัน ติดต่อเราเพื่อนัดหมายเข้าชมรายการที่คุณต้องการ

ข้อมูลสิ่งอำนวยความสะดวกต่างๆ: * ตู้เย็น
* ไมโครเวฟ
* เตาไฟฟ้า
* ทีวี

พื้นที่ส่วนกลาง: * สร้างเสร็จในปี 2017
* ฟิตเนส
* สระว่ายน้ำ
* กล้องวงจรปิด
* ระบบรักษาความปลอดภัย 24 ชม.
* ลานจอดรถในร่ม
* ห้องสมุด
* เซาว์น่า
* ลานจอดรถ
* สวน
* สถานออกกำลังกาย

ยังไม่เจอที่พักที่ถูกใจใช่หรือไม่
เรามุ่งเน้นไปที่การปล่อยเช่าและขายอสังหาริมทรัพย์ทั่วประเทศไทย ทั้งในกรุงเทพฯ
ภูเก็ต พัทยา หัวหิน เกาะสมุย เชียงใหม่ และที่อื่นๆ อีกมากมาย
ด้วยบริการจากทีมงานที่เป็นมืออาชีพ รวดเร็ว และหลากหลายภาษา
เราเป็นหนึ่งในตัวแทนอสังหาริมทรัพย์ชั้นนำของประเทศไทย
และสามารถช่วยจัดหาที่พักสำหรับเช่า และขายให้กับคุณได้
ติดต่อเราเลยวันนี้
เพื่อจัดหาอสังหาริมทรัพย์ที่เหมาะสมที่สุดให้กับคุณในราคาสุดคุ้ม -
โดยที่ไม่มีค่าใช้จ่ายใดๆ

พร็อพเพอร์ตี้ สเก๊าท์

PropertyScout

เบอร์โทรศัพท์ : แสดงเบอร์โทรศัพท์

Facebook:

Whatsapp: แสดงเบอร์โทรศัพท์

Email: contact @ propertyscout.co.th

- PropertyScout -",467190TP2_02.jpg,images\467190TP2\467190TP2_02.jpg,https://pix.dotproperty.co.th/eyJidWNrZXQiOiJwcmQtbGlmdWxsY29ubmVjdC1iYWNrZW5kLWIyYi1pbWFnZXMiLCJrZXkiOiJpbmdlc3Rlci8wMTk2MTRiOS0xNGU3LTdlZjMtOTY1MC02ZTc1NzRlOGZmMmMvOTAyOGNjODRlNWQ2MGI5Njg5MmE5MWYxMzc1NDhmZDM0ZDk1Mjc4YjM5Y2ZjZGI3YWE2M2ZhN2M0MDZjOWZmNC5qcGVnIiwiYnJhbmQiOiJkb3Rwcm9wZXJ0eSIsImVkaXRzIjp7InJvdGF0ZSI6bnVsbCwicmVzaXplIjp7IndpZHRoIjoyNzUsImhlaWdodCI6MTU1LCJmaXQiOiJjb3ZlciJ9fX0=
467190TP2,คอนโด 1-ห้องนอน ที่ แอชตัน อโศก,"ราคาเช่า: ฿ 36,500 / เดือน","PropertyScout ID 467190
ดูรายละเอียดของรายการนี้ได้บนเว็บไซต์ของเราที่นี่

ให้เช่า คอนโดตกแต่งพร้อมอยู่ 1 ห้องนอน 1 ห้องน้ำ ขนาด 34 ตารางเมตร ชั้น 46,
โครงการ Ashton Asoke ซึ่งตั้งอยู่ในเขตวัฒนา ใกล้ BTS อโศก ใกล้ MRT สุขุมวิท และ
ใกล้ ARL มักกะสัน ติดต่อเราเพื่อนัดหมายเข้าชมรายการที่คุณต้องการ

ข้อมูลสิ่งอำนวยความสะดวกต่างๆ: * ตู้เย็น
* ไมโครเวฟ
* เตาไฟฟ้า
* ทีวี

พื้นที่ส่วนกลาง: * สร้างเสร็จในปี 2017
* ฟิตเนส
* สระว่ายน้ำ
* กล้องวงจรปิด
* ระบบรักษาความปลอดภัย 24 ชม.
* ลานจอดรถในร่ม
* ห้องสมุด
* เซาว์น่า
* ลานจอดรถ
* สวน
* สถานออกกำลังกาย

ยังไม่เจอที่พักที่ถูกใจใช่หรือไม่
เรามุ่งเน้นไปที่การปล่อยเช่าและขายอสังหาริมทรัพย์ทั่วประเทศไทย ทั้งในกรุงเทพฯ
ภูเก็ต พัทยา หัวหิน เกาะสมุย เชียงใหม่ และที่อื่นๆ อีกมากมาย
ด้วยบริการจากทีมงานที่เป็นมืออาชีพ รวดเร็ว และหลากหลายภาษา
เราเป็นหนึ่งในตัวแทนอสังหาริมทรัพย์ชั้นนำของประเทศไทย
และสามารถช่วยจัดหาที่พักสำหรับเช่า และขายให้กับคุณได้
ติดต่อเราเลยวันนี้
เพื่อจัดหาอสังหาริมทรัพย์ที่เหมาะสมที่สุดให้กับคุณในราคาสุดคุ้ม -
โดยที่ไม่มีค่าใช้จ่ายใดๆ

พร็อพเพอร์ตี้ สเก๊าท์

PropertyScout

เบอร์โทรศัพท์ : แสดงเบอร์โทรศัพท์

Facebook:

Whatsapp: แสดงเบอร์โทรศัพท์

Email: contact @ propertyscout.co.th

- PropertyScout -",467190TP2_03.jpg,images\467190TP2\467190TP2_03.jpg,https://pix.dotproperty.co.th/eyJidWNrZXQiOiJwcmQtbGlmdWxsY29ubmVjdC1iYWNrZW5kLWIyYi1pbWFnZXMiLCJrZXkiOiJpbmdlc3Rlci8wMTk2MTRiOS0xNGU3LTdlZjMtOTY1MC02ZTc1NzRlOGZmMmMvYzdmY2Y3ZGFmZjkzOWVhZGIxNzBkNjk0YzdlNWQyYzVhNzRhMzRhOTQwMDRkMjAxMTg1N2E4NWE0ZDZiNDBmYi5qcGVnIiwiYnJhbmQiOiJkb3Rwcm9wZXJ0eSIsImVkaXRzIjp7InJvdGF0ZSI6bnVsbCwicmVzaXplIjp7IndpZHRoIjoyNzUsImhlaWdodCI6MTU1LCJmaXQiOiJjb3ZlciJ9fX0=
